{
    "grid": 500,
    "seed": 42,
    "cytokine": "il10",
    "model": "sta_lstm",
    "best_params": {
        "filters": 32,
        "lstm_units": 64,
        "lr": 0.0009808875120397792,
        "batch_size": 2
    },
    "train_time_seconds": 548.76,
    "pred_time_seconds": 4.9845,
    "results": {
        "Near_Horizon": {
            "Global_R2": 0.13820993900299072,
            "Per_Timestep_R2": [
                0.1832815408706665,
                0.18713581562042236,
                0.17474466562271118,
                0.16925466060638428,
                0.16189336776733398,
                0.15734070539474487,
                0.14646995067596436,
                0.14536672830581665,
                0.14189273118972778,
                0.13934022188186646,
                0.14334458112716675,
                0.1396436095237732,
                0.13191813230514526,
                0.1286478042602539,
                0.11958926916122437,
                0.11357951164245605,
                0.10495942831039429,
                0.10491472482681274,
                0.10299831628799438,
                0.10412865877151489
            ],
            "Masked_RMSE": 8.354179041045011e-13,
            "Unmasked_RMSE": 1.0605834786792112e-11,
            "Avg_Dice": 0.8801326927842357,
            "Spatial_Correlation": 0.3885915645556056,
            "SSIM": NaN
        },
        "Far_Horizon": {
            "Global_R2": 0.07875603437423706,
            "Per_Timestep_R2": [
                0.10843455791473389,
                0.10904562473297119,
                0.10465329885482788,
                0.09091383218765259,
                0.08794426918029785,
                0.08470088243484497,
                0.0760045051574707,
                0.07463496923446655,
                0.07454073429107666,
                0.07419931888580322,
                0.07582420110702515,
                0.07603341341018677,
                0.07315444946289062,
                0.07086288928985596,
                0.07012122869491577,
                0.06931763887405396,
                0.06432050466537476,
                0.06268924474716187,
                0.05837315320968628
            ],
            "Masked_RMSE": 1.311127327620081e-12,
            "Unmasked_RMSE": 1.1491093666882168e-11,
            "Avg_Dice": 0.8306465999852188,
            "Spatial_Correlation": 0.29064476990174115,
            "SSIM": NaN
        }
    }
}