{
    "grid": 500,
    "seed": 42,
    "cytokine": "il8",
    "model": "sta_lstm",
    "best_params": {
        "filters": 32,
        "lstm_units": 64,
        "lr": 0.000854605010782875,
        "batch_size": 2
    },
    "train_time_seconds": 639.86,
    "pred_time_seconds": 3.8155,
    "results": {
        "Near_Horizon": {
            "Global_R2": 0.9857746362686157,
            "Per_Timestep_R2": [
                0.9907299876213074,
                0.990345299243927,
                0.9899404048919678,
                0.989526093006134,
                0.9890747666358948,
                0.9886313676834106,
                0.9881811141967773,
                0.987682580947876,
                0.9871169924736023,
                0.9864358305931091,
                0.9857689142227173,
                0.9851870536804199,
                0.9846081137657166,
                0.9840038418769836,
                0.983371913433075,
                0.9827336072921753,
                0.9821733236312866,
                0.9815512299537659,
                0.9808365106582642,
                0.9799058437347412
            ],
            "Masked_RMSE": 1.165249693489591e-09,
            "Unmasked_RMSE": 1.8640534948932697e-10,
            "Avg_Dice": 0.9983088169902785,
            "Spatial_Correlation": 0.9967024055685543,
            "SSIM": 0.9630750909063366
        },
        "Far_Horizon": {
            "Global_R2": 0.9695837497711182,
            "Per_Timestep_R2": [
                0.9789476990699768,
                0.9780473113059998,
                0.9771539568901062,
                0.9762688875198364,
                0.9753093719482422,
                0.9743240475654602,
                0.9733774662017822,
                0.9724015593528748,
                0.971422016620636,
                0.9701367020606995,
                0.9687780737876892,
                0.9676140546798706,
                0.9665398001670837,
                0.9654926657676697,
                0.9643808603286743,
                0.9631928205490112,
                0.9619736671447754,
                0.9606441855430603,
                0.9593934416770935
            ],
            "Masked_RMSE": 1.3728331599429455e-09,
            "Unmasked_RMSE": 2.901392459619956e-10,
            "Avg_Dice": 0.9979096034332563,
            "Spatial_Correlation": 0.99640493430168,
            "SSIM": 0.9504723660616488
        }
    }
}