{
    "grid": 250,
    "seed": 100,
    "cytokine": "il10",
    "best_params": {
        "base_filters": 64,
        "depth": 4,
        "dropout": 0.005487273051311496,
        "learning_rate": 0.0009493870795800265,
        "batch_size": 4
    },
    "optuna_best_val_loss": 0.01984107494354248,
    "train_time_seconds": 153.91,
    "results": {
        "Near_Horizon_t82_t91": {
            "Global_R2": 0.9931551842472278,
            "Per_Timestep_R2": [
                0.9943444898076194,
                0.9918477635387439,
                0.9944078937498964,
                0.9945294033636083,
                0.9937505740171769,
                0.9928758796831157,
                0.9925817939341125,
                0.9927218559588467,
                0.9924602892086457,
                0.9920763667833381
            ],
            "Masked_RMSE": 1.2208861521549514e-12,
            "Unmasked_RMSE": 2.330477695855601e-12,
            "Avg_Dice": 0.9355411342572584,
            "Dice_Empty_Skipped": 0,
            "Spatial_Correlation": 0.9969544655765825,
            "SSIM": 0.9482844758014599,
            "SSIM_Skipped_Frames": 0
        },
        "Far_Horizon_t92_t100": {
            "Global_R2": 0.98771445246756,
            "Per_Timestep_R2": [
                0.9908527828860368,
                0.9886778180100289,
                0.9868953188715296,
                0.9867003537188406,
                0.9878752602235048,
                0.9877086201016456,
                0.9870763176164812,
                0.9869116645235071,
                0.9867753932410449
            ],
            "Masked_RMSE": 1.619140934306816e-12,
            "Unmasked_RMSE": 3.1577964112119712e-12,
            "Avg_Dice": 0.913532455744436,
            "Dice_Empty_Skipped": 0,
            "Spatial_Correlation": 0.9948202623933791,
            "SSIM": 0.9458804172375151,
            "SSIM_Skipped_Frames": 0
        }
    }
}