{
    "grid": 250,
    "seed": 42,
    "cytokine": "il8",
    "best_params": {
        "base_filters": 16,
        "depth": 3,
        "dropout": 0.007664848443162953,
        "learning_rate": 0.0009913605920815343,
        "batch_size": 8
    },
    "optuna_best_val_loss": 0.013345588929951191,
    "train_time_seconds": 47.33,
    "results": {
        "Near_Horizon_t82_t91": {
            "Global_R2": 0.9870696010105378,
            "Per_Timestep_R2": [
                0.9870460850544589,
                0.9870394686327448,
                0.9870419809102907,
                0.986991820023854,
                0.9870426472885537,
                0.9870057794651738,
                0.9871035222421799,
                0.9870991159540604,
                0.9871084085293363,
                0.9871110695023584
            ],
            "Masked_RMSE": 3.8794384056385e-09,
            "Unmasked_RMSE": 1.111737976489037e-09,
            "Avg_Dice": 0.9797670736770161,
            "Dice_Empty_Skipped": 0,
            "Spatial_Correlation": 0.9935136792178503,
            "SSIM": 0.9183324260753578,
            "SSIM_Skipped_Frames": 0
        },
        "Far_Horizon_t92_t100": {
            "Global_R2": 0.9871513177569569,
            "Per_Timestep_R2": [
                0.9871252729491762,
                0.9871506580823317,
                0.9872418640598164,
                0.987162603873454,
                0.9871903212951925,
                0.9871623894374649,
                0.9870996627995485,
                0.9871046122254723,
                0.9870757439864579
            ],
            "Masked_RMSE": 3.8406482974473825e-09,
            "Unmasked_RMSE": 1.1800873221147843e-09,
            "Avg_Dice": 0.9820649269952497,
            "Dice_Empty_Skipped": 0,
            "Spatial_Correlation": 0.9935833248547912,
            "SSIM": 0.9163441492017959,
            "SSIM_Skipped_Frames": 0
        }
    }
}