{
    "grid": 250,
    "seed": 100,
    "cytokine": "il10",
    "best_params": {
        "base_filters": 64,
        "depth": 4,
        "dropout": 0.005487273051311496,
        "learning_rate": 0.0009493870795800265,
        "batch_size": 4
    },
    "optuna_best_val_loss": 0.01792844757437706,
    "train_time_seconds": 153.56,
    "results": {
        "Near_Horizon_t82_t91": {
            "Global_R2": 0.9932301976400252,
            "Per_Timestep_R2": [
                0.9944163185181631,
                0.99188515864332,
                0.9944168489546908,
                0.9946417909753833,
                0.993833886149492,
                0.9929559148315817,
                0.9926506612899876,
                0.9928303964273585,
                0.9925405865578694,
                0.9921736544668189
            ],
            "Masked_RMSE": 1.172182115764512e-12,
            "Unmasked_RMSE": 2.3176724831595527e-12,
            "Avg_Dice": 0.9388850040147544,
            "Dice_Empty_Skipped": 0,
            "Spatial_Correlation": 0.9969718158862835,
            "SSIM": 0.9552535450933813,
            "SSIM_Skipped_Frames": 0
        },
        "Far_Horizon_t92_t100": {
            "Global_R2": 0.987668547264072,
            "Per_Timestep_R2": [
                0.9909195265666682,
                0.9887883771174135,
                0.9869675976705666,
                0.9867411028980141,
                0.9879314107195758,
                0.987627482594797,
                0.986989987355019,
                0.9866269878057213,
                0.9864726286335781
            ],
            "Masked_RMSE": 1.6431546787622596e-12,
            "Unmasked_RMSE": 3.1636904964366926e-12,
            "Avg_Dice": 0.9173152578759216,
            "Dice_Empty_Skipped": 0,
            "Spatial_Correlation": 0.9948314200094767,
            "SSIM": 0.953068093361185,
            "SSIM_Skipped_Frames": 0
        }
    }
}