{
    "grid": 100,
    "seed": 1,
    "cytokine": "il8",
    "best_params": {
        "base_filters": 16,
        "depth": 3,
        "dropout": 0.2994399997624957,
        "learning_rate": 0.0008575961874499516,
        "batch_size": 8
    },
    "optuna_best_val_loss": 0.030788064002990723,
    "train_time_seconds": 46.09,
    "results": {
        "Near_Horizon_t82_t91": {
            "Global_R2": 0.9806399995411018,
            "Per_Timestep_R2": [
                0.9826151051188253,
                0.9821730402348174,
                0.9814519786706373,
                0.9811150798356506,
                0.9806374631315076,
                0.9805333122270383,
                0.9800423578237536,
                0.9796223980053596,
                0.9795019349708294,
                0.9790093725560067
            ],
            "Masked_RMSE": 6.973944617880543e-08,
            "Unmasked_RMSE": 2.948104943084874e-08,
            "Avg_Dice": 0.9428468043572862,
            "Dice_Empty_Skipped": 0,
            "Spatial_Correlation": 0.9908376689096017,
            "SSIM": 0.9469010553809409,
            "SSIM_Skipped_Frames": 0
        },
        "Far_Horizon_t92_t100": {
            "Global_R2": 0.97761060759546,
            "Per_Timestep_R2": [
                0.9787568447898727,
                0.9780768348319313,
                0.9781558638351535,
                0.977739811247967,
                0.977375184381065,
                0.9770698581572497,
                0.9770822199595804,
                0.9771745597281833,
                0.9771410304715585
            ],
            "Masked_RMSE": 8.915579828564502e-08,
            "Unmasked_RMSE": 3.341274424677452e-08,
            "Avg_Dice": 0.9419297772888119,
            "Dice_Empty_Skipped": 0,
            "Spatial_Correlation": 0.9896647614458189,
            "SSIM": 0.9337798292707539,
            "SSIM_Skipped_Frames": 0
        }
    }
}