{
    "grid": 100,
    "seed": 100,
    "cytokine": "il8",
    "best_params": {
        "base_filters": 16,
        "depth": 3,
        "dropout": 0.2994399997624957,
        "learning_rate": 0.0008575961874499516,
        "batch_size": 8
    },
    "optuna_best_val_loss": 0.030788064002990723,
    "train_time_seconds": 42.06,
    "results": {
        "Near_Horizon_t82_t91": {
            "Global_R2": 0.978902719728856,
            "Per_Timestep_R2": [
                0.9813897069134815,
                0.980963589247429,
                0.9806616239858589,
                0.9801128421695351,
                0.9793554840693196,
                0.9787268850796368,
                0.9779523222633547,
                0.9773446696607263,
                0.9767414795112438,
                0.976282633322034
            ],
            "Masked_RMSE": 8.524351218558509e-08,
            "Unmasked_RMSE": 3.077538491882395e-08,
            "Avg_Dice": 0.9550510611653451,
            "Dice_Empty_Skipped": 0,
            "Spatial_Correlation": 0.9896000623782311,
            "SSIM": 0.9324678823848103,
            "SSIM_Skipped_Frames": 0
        },
        "Far_Horizon_t92_t100": {
            "Global_R2": 0.9736100388722604,
            "Per_Timestep_R2": [
                0.9756659773848233,
                0.9751170332574258,
                0.9750043835792552,
                0.9744506526947138,
                0.9735461922462035,
                0.9732727569066051,
                0.972584864956384,
                0.9719827413000302,
                0.9711597099928199
            ],
            "Masked_RMSE": 1.1074179285960515e-07,
            "Unmasked_RMSE": 3.627524611966465e-08,
            "Avg_Dice": 0.9572532834899454,
            "Dice_Empty_Skipped": 0,
            "Spatial_Correlation": 0.9871494756168402,
            "SSIM": 0.9133677713677572,
            "SSIM_Skipped_Frames": 0
        }
    }
}