{
    "grid": 100,
    "seed": 100,
    "cytokine": "il8",
    "best_params": {
        "base_filters": 16,
        "depth": 3,
        "dropout": 0.2996863289418359,
        "learning_rate": 0.0008457021139412333,
        "batch_size": 8
    },
    "optuna_best_val_loss": 0.03046865202486515,
    "train_time_seconds": 41.97,
    "results": {
        "Near_Horizon_t82_t91": {
            "Global_R2": 0.974257837839062,
            "Per_Timestep_R2": [
                0.9769126905181031,
                0.9762214529698332,
                0.9757899756607391,
                0.975461768783156,
                0.974475261432065,
                0.9739554998288333,
                0.9732196681206587,
                0.9729195294927279,
                0.9722878881144084,
                0.9717981158520087
            ],
            "Masked_RMSE": 9.90771074191862e-08,
            "Unmasked_RMSE": 3.399482174200284e-08,
            "Avg_Dice": 0.949808855464793,
            "Dice_Empty_Skipped": 0,
            "Spatial_Correlation": 0.9872158395215291,
            "SSIM": 0.9177974184135461,
            "SSIM_Skipped_Frames": 0
        },
        "Far_Horizon_t92_t100": {
            "Global_R2": 0.9681092494653457,
            "Per_Timestep_R2": [
                0.9714066739350519,
                0.9705467246972761,
                0.9698304568644788,
                0.9690464163138733,
                0.9680121072529173,
                0.9674206221043049,
                0.9665251660309981,
                0.9657666728602077,
                0.9648710293546717
            ],
            "Masked_RMSE": 1.2585751003792805e-07,
            "Unmasked_RMSE": 3.987708119585259e-08,
            "Avg_Dice": 0.9518194847244499,
            "Dice_Empty_Skipped": 0,
            "Spatial_Correlation": 0.9842941785931854,
            "SSIM": 0.8974491680650255,
            "SSIM_Skipped_Frames": 0
        }
    }
}