{
    "grid": 100,
    "seed": 42,
    "cytokine": "il10",
    "best_params": {
        "base_filters": 16,
        "depth": 3,
        "dropout": 0.2920772574560406,
        "learning_rate": 0.0009635585396042664,
        "batch_size": 8
    },
    "optuna_best_val_loss": 0.04480962082743645,
    "train_time_seconds": 35.7,
    "results": {
        "Near_Horizon_t82_t91": {
            "Global_R2": 0.966134247622679,
            "Per_Timestep_R2": [
                0.9616441588608606,
                0.9687813048974239,
                0.9683493356533867,
                0.9673717306273655,
                0.9747952363542515,
                0.9659806558452738,
                0.9545322600402492,
                0.9691608381625312,
                0.9619152005364756,
                0.9688905086551608
            ],
            "Masked_RMSE": 1.4356529948138053e-10,
            "Unmasked_RMSE": 2.665567607438713e-10,
            "Avg_Dice": 0.869218821708496,
            "Dice_Empty_Skipped": 0,
            "Spatial_Correlation": 0.984831990555383,
            "SSIM": 0.9185270937320513,
            "SSIM_Skipped_Frames": 0
        },
        "Far_Horizon_t92_t100": {
            "Global_R2": 0.9477074667099136,
            "Per_Timestep_R2": [
                0.9494046540810761,
                0.9546959185190372,
                0.9183813850974265,
                0.9559087152987916,
                0.943205608959514,
                0.9591819554992324,
                0.9581924513251986,
                0.9468630648770072,
                0.9442980909568057
            ],
            "Masked_RMSE": 1.7325977139306274e-10,
            "Unmasked_RMSE": 3.2843799052554806e-10,
            "Avg_Dice": 0.8766558784905923,
            "Dice_Empty_Skipped": 0,
            "Spatial_Correlation": 0.978626014273418,
            "SSIM": 0.9064635403517214,
            "SSIM_Skipped_Frames": 0
        }
    }
}