{
    "grid": 100,
    "seed": 42,
    "cytokine": "il8",
    "best_params": {
        "base_filters": 16,
        "depth": 3,
        "dropout": 0.2996863289418359,
        "learning_rate": 0.0008457021139412333,
        "batch_size": 8
    },
    "optuna_best_val_loss": 0.03046865202486515,
    "train_time_seconds": 35.74,
    "results": {
        "Near_Horizon_t82_t91": {
            "Global_R2": 0.984499758786618,
            "Per_Timestep_R2": [
                0.9854796668547842,
                0.9850869902180164,
                0.985011011183213,
                0.9845592945780828,
                0.9844741167017199,
                0.984290877873235,
                0.9843685245254857,
                0.9840542219755269,
                0.9838592077224961,
                0.9839221413121453
            ],
            "Masked_RMSE": 4.503211574715161e-08,
            "Unmasked_RMSE": 2.6379070323524046e-08,
            "Avg_Dice": 0.9467567847279762,
            "Dice_Empty_Skipped": 0,
            "Spatial_Correlation": 0.992342201233612,
            "SSIM": 0.946110407218125,
            "SSIM_Skipped_Frames": 0
        },
        "Far_Horizon_t92_t100": {
            "Global_R2": 0.9832244860926845,
            "Per_Timestep_R2": [
                0.9838696127048489,
                0.9835789790650189,
                0.9834432888156003,
                0.9834671527839309,
                0.9832236167509526,
                0.9830674828612408,
                0.9829486369467891,
                0.9828279277400863,
                0.9826465051799983
            ],
            "Masked_RMSE": 4.932169337375065e-08,
            "Unmasked_RMSE": 2.8922039116202582e-08,
            "Avg_Dice": 0.9449858465201232,
            "Dice_Empty_Skipped": 0,
            "Spatial_Correlation": 0.99175689199697,
            "SSIM": 0.9426888408390095,
            "SSIM_Skipped_Frames": 0
        }
    }
}