{
    "grid": 250,
    "seed": 1,
    "cytokine": "il10",
    "best_params": {
        "base_filters": 64,
        "depth": 4,
        "dropout": 0.005487273051311496,
        "learning_rate": 0.0009493870795800265,
        "batch_size": 4
    },
    "optuna_best_val_loss": 0.01984107494354248,
    "train_time_seconds": 152.08,
    "results": {
        "Near_Horizon_t82_t91": {
            "Global_R2": 0.9948353469943118,
            "Per_Timestep_R2": [
                0.995378990358647,
                0.9930635540907615,
                0.9960844587773227,
                0.995911588097856,
                0.995235934685592,
                0.9945380673206573,
                0.9946188335727381,
                0.994780751799475,
                0.9945113368120373,
                0.994245010367158
            ],
            "Masked_RMSE": 1.0755612018233924e-12,
            "Unmasked_RMSE": 2.024345533139417e-12,
            "Avg_Dice": 0.9536981477890898,
            "Dice_Empty_Skipped": 0,
            "Spatial_Correlation": 0.9977601615886104,
            "SSIM": 0.9597625379130108,
            "SSIM_Skipped_Frames": 0
        },
        "Far_Horizon_t92_t100": {
            "Global_R2": 0.9911434760324305,
            "Per_Timestep_R2": [
                0.9931416748624253,
                0.9911850028645725,
                0.9899183159939623,
                0.9907351414979377,
                0.9916529480808981,
                0.9912654748776639,
                0.9908131897285136,
                0.9907744280124627,
                0.9908241265066261
            ],
            "Masked_RMSE": 1.3461676339142473e-12,
            "Unmasked_RMSE": 2.68113399770319e-12,
            "Avg_Dice": 0.9414882385580324,
            "Dice_Empty_Skipped": 0,
            "Spatial_Correlation": 0.9963166684568495,
            "SSIM": 0.9577424404351914,
            "SSIM_Skipped_Frames": 0
        }
    }
}