{
    "grid": 250,
    "seed": 100,
    "cytokine": "il8",
    "best_params": {
        "base_filters": 16,
        "depth": 3,
        "dropout": 0.007664848443162953,
        "learning_rate": 0.0009913605920815343,
        "batch_size": 8
    },
    "optuna_best_val_loss": 0.013636532239615917,
    "train_time_seconds": 72.92,
    "results": {
        "Near_Horizon_t82_t91": {
            "Global_R2": 0.9884228585856776,
            "Per_Timestep_R2": [
                0.9889004437157053,
                0.9887471423358728,
                0.9886877522782213,
                0.9886698992077189,
                0.988532474818537,
                0.9884270484721138,
                0.9882981966944547,
                0.9881658315731587,
                0.9880417156999635,
                0.9878039229636051
            ],
            "Masked_RMSE": 4.046246447179124e-09,
            "Unmasked_RMSE": 1.0519549640465413e-09,
            "Avg_Dice": 0.9836106584321194,
            "Dice_Empty_Skipped": 0,
            "Spatial_Correlation": 0.9944123653411019,
            "SSIM": 0.9444502607267508,
            "SSIM_Skipped_Frames": 0
        },
        "Far_Horizon_t92_t100": {
            "Global_R2": 0.9868856195888921,
            "Per_Timestep_R2": [
                0.9876623982988324,
                0.9874509156692739,
                0.9873158675172032,
                0.9871387942773145,
                0.9869222472973505,
                0.9867849913748483,
                0.9864955299023936,
                0.9862644521132858,
                0.9860294885984702
            ],
            "Masked_RMSE": 4.736539935449647e-09,
            "Unmasked_RMSE": 1.1922264122845776e-09,
            "Avg_Dice": 0.9844530756501053,
            "Dice_Empty_Skipped": 0,
            "Spatial_Correlation": 0.9940948976204116,
            "SSIM": 0.9405954294208522,
            "SSIM_Skipped_Frames": 0
        }
    }
}