{
    "grid": 100,
    "seed": 1,
    "cytokine": "il10",
    "best_params": {
        "base_filters": 16,
        "depth": 3,
        "dropout": 0.2920772574560406,
        "learning_rate": 0.0009635585396042664,
        "batch_size": 8
    },
    "optuna_best_val_loss": 0.04480962082743645,
    "train_time_seconds": 42.21,
    "results": {
        "Near_Horizon_t82_t91": {
            "Global_R2": 0.9617820792377638,
            "Per_Timestep_R2": [
                0.9576881405664461,
                0.9638371942998053,
                0.9639145112537789,
                0.9629085962009366,
                0.9714716107847334,
                0.9616786624118174,
                0.9492336767667489,
                0.964930278833942,
                0.9578816969185427,
                0.9643640363896582
            ],
            "Masked_RMSE": 1.1235478684755738e-10,
            "Unmasked_RMSE": 2.8316714732927765e-10,
            "Avg_Dice": 0.8135699219238262,
            "Dice_Empty_Skipped": 0,
            "Spatial_Correlation": 0.9817507985410614,
            "SSIM": 0.9154349350389526,
            "SSIM_Skipped_Frames": 0
        },
        "Far_Horizon_t92_t100": {
            "Global_R2": 0.9375022538644895,
            "Per_Timestep_R2": [
                0.9468237994500243,
                0.9498753471227451,
                0.9137260853302481,
                0.9445043919125965,
                0.9306203682837305,
                0.9440107845308385,
                0.9449489295681811,
                0.9334619304911494,
                0.9302597419914957
            ],
            "Masked_RMSE": 9.460884398214767e-11,
            "Unmasked_RMSE": 3.5905892256698747e-10,
            "Avg_Dice": 0.7925219743611531,
            "Dice_Empty_Skipped": 0,
            "Spatial_Correlation": 0.970452954717515,
            "SSIM": 0.8991311295877336,
            "SSIM_Skipped_Frames": 0
        }
    }
}