{
    "grid": 100,
    "seed": 100,
    "cytokine": "il10",
    "best_params": {
        "base_filters": 32,
        "depth": 3,
        "dropout": 0.24393042967263776,
        "learning_rate": 0.0006644457441179376,
        "batch_size": 4
    },
    "optuna_best_val_loss": 0.012198686599731445,
    "train_time_seconds": 63.67,
    "results": {
        "Near_Horizon_t82_t91": {
            "Global_R2": 0.9592832422969126,
            "Per_Timestep_R2": [
                0.9584216046952012,
                0.964975070941628,
                0.9636569429685723,
                0.9611059170503933,
                0.9684864499970509,
                0.958247234407455,
                0.9449667789887854,
                0.9624867655258913,
                0.9519384511322395,
                0.9582646072217917
            ],
            "Masked_RMSE": 1.6114816794504443e-10,
            "Unmasked_RMSE": 2.9227786860352357e-10,
            "Avg_Dice": 0.6872752835953528,
            "Dice_Empty_Skipped": 0,
            "Spatial_Correlation": 0.9817597021287848,
            "SSIM": 0.9027152616104634,
            "SSIM_Skipped_Frames": 0
        },
        "Far_Horizon_t92_t100": {
            "Global_R2": 0.9316590189875908,
            "Per_Timestep_R2": [
                0.9372061611660323,
                0.9434773389596812,
                0.9062223115090247,
                0.941045103514436,
                0.9267721565260525,
                0.9404566636278977,
                0.93978527408033,
                0.9270460225455056,
                0.923552238110283
            ],
            "Masked_RMSE": 2.1987013152674954e-10,
            "Unmasked_RMSE": 3.7546905524267967e-10,
            "Avg_Dice": 0.5872385319276711,
            "Dice_Empty_Skipped": 0,
            "Spatial_Correlation": 0.970244979300221,
            "SSIM": 0.8600813080129323,
            "SSIM_Skipped_Frames": 0
        }
    }
}