{
    "grid": 250,
    "seed": 1,
    "cytokine": "il10",
    "best_params": {
        "base_filters": 16,
        "depth": 4,
        "dropout": 0.1313590301561648,
        "learning_rate": 0.0009787792491139401,
        "batch_size": 4
    },
    "optuna_best_val_loss": 0.007461631204932928,
    "train_time_seconds": 77.05,
    "results": {
        "Near_Horizon_t82_t91": {
            "Global_R2": 0.9911923409994363,
            "Per_Timestep_R2": [
                0.9927950456084789,
                0.9900522501927851,
                0.9923963369101075,
                0.9926442933701503,
                0.9917828326910721,
                0.9908772390529624,
                0.9905187494602166,
                0.9907063694262586,
                0.9903081608725309,
                0.9898996961090324
            ],
            "Masked_RMSE": 1.4435648259798505e-12,
            "Unmasked_RMSE": 2.6435913103235315e-12,
            "Avg_Dice": 0.8948984757851182,
            "Dice_Empty_Skipped": 0,
            "Spatial_Correlation": 0.9958123636157854,
            "SSIM": 0.9744747832651891,
            "SSIM_Skipped_Frames": 0
        },
        "Far_Horizon_t92_t100": {
            "Global_R2": 0.9850397441726721,
            "Per_Timestep_R2": [
                0.9886343677548114,
                0.9863503009952611,
                0.9840504927054268,
                0.984065140245299,
                0.9853509156768905,
                0.9850027098741753,
                0.9841784916806713,
                0.9838434112487419,
                0.98393448928654
            ],
            "Masked_RMSE": 1.914451441485518e-12,
            "Unmasked_RMSE": 3.4846276525390625e-12,
            "Avg_Dice": 0.8685667314740348,
            "Dice_Empty_Skipped": 0,
            "Spatial_Correlation": 0.9930877993750555,
            "SSIM": 0.9680840319466673,
            "SSIM_Skipped_Frames": 0
        }
    }
}