{
    "grid": 250,
    "seed": 42,
    "cytokine": "il8",
    "best_params": {
        "base_filters": 64,
        "depth": 4,
        "dropout": 0.021039918697373955,
        "learning_rate": 0.00019576628172644414,
        "batch_size": 4
    },
    "optuna_best_val_loss": 0.03972582891583443,
    "results": {
        "Near_Horizon_t82_t91": {
            "Global_R2": 0.9461722491192858,
            "Per_Timestep_R2": [
                0.9521689277502409,
                0.9507738625907802,
                0.9493550740073236,
                0.9480146079563129,
                0.9466202618420307,
                0.9454997644907798,
                0.9443183466852854,
                0.9432388464432959,
                0.9418612102092039,
                0.9409223662958481
            ],
            "Masked_RMSE": 4.432212919988798e-09,
            "Unmasked_RMSE": 2.2682953116139565e-09,
            "Avg_Dice": 0.9427091376062544,
            "Dice_Empty_Skipped": 0,
            "Spatial_Correlation": 0.9730061609917484,
            "SSIM": 0.7337945909132102,
            "SSIM_Skipped_Frames": 0
        },
        "Far_Horizon_t92_t100": {
            "Global_R2": 0.9351396465494056,
            "Per_Timestep_R2": [
                0.9397988271547615,
                0.9386769064627671,
                0.9376147250648242,
                0.9363383769745742,
                0.93518321826757,
                0.934038677942407,
                0.9328565934475466,
                0.9315673707442396,
                0.9307667856516673
            ],
            "Masked_RMSE": 5.583391248081154e-09,
            "Unmasked_RMSE": 2.6513954444985536e-09,
            "Avg_Dice": 0.9391530153249948,
            "Dice_Empty_Skipped": 0,
            "Spatial_Correlation": 0.9680915240037222,
            "SSIM": 0.7028385965632642,
            "SSIM_Skipped_Frames": 0
        }
    }
}