{
    "grid": 100,
    "seed": 100,
    "cytokine": "il8",
    "best_params": {
        "base_filters": 32,
        "depth": 3,
        "dropout": 0.24393042967263776,
        "learning_rate": 0.0006644457441179376,
        "batch_size": 4
    },
    "optuna_best_val_loss": 0.010796362534165382,
    "train_time_seconds": 51.95,
    "results": {
        "Near_Horizon_t82_t91": {
            "Global_R2": 0.9640050037421471,
            "Per_Timestep_R2": [
                0.9722686962999759,
                0.9704186965647075,
                0.968087795350385,
                0.9662548725263326,
                0.9645897677999238,
                0.9635153171765113,
                0.9617773700170675,
                0.9602005814876879,
                0.9582788468041203,
                0.9561874631403852
            ],
            "Masked_RMSE": 1.1004039285174677e-07,
            "Unmasked_RMSE": 4.019863661307121e-08,
            "Avg_Dice": 0.9312772082644148,
            "Dice_Empty_Skipped": 0,
            "Spatial_Correlation": 0.9858664610297928,
            "SSIM": 0.8754294556139952,
            "SSIM_Skipped_Frames": 0
        },
        "Far_Horizon_t92_t100": {
            "Global_R2": 0.946452780046878,
            "Per_Timestep_R2": [
                0.9550625163312396,
                0.9535599776768343,
                0.951063598181623,
                0.9486327643099042,
                0.9466215430983499,
                0.9440627462599395,
                0.9421668642954131,
                0.9397044977796909,
                0.93845502396568
            ],
            "Masked_RMSE": 1.5140428683970492e-07,
            "Unmasked_RMSE": 5.167249793294538e-08,
            "Avg_Dice": 0.920161632655065,
            "Dice_Empty_Skipped": 0,
            "Spatial_Correlation": 0.9803760159455228,
            "SSIM": 0.8382602088138096,
            "SSIM_Skipped_Frames": 0
        }
    }
}