{
    "grid": 100,
    "seed": 100,
    "cytokine": "il10",
    "best_params": {
        "base_filters": 16,
        "depth": 3,
        "dropout": 0.2920772574560406,
        "learning_rate": 0.0009635585396042664,
        "batch_size": 8
    },
    "optuna_best_val_loss": 0.04480962082743645,
    "train_time_seconds": 42.13,
    "results": {
        "Near_Horizon_t82_t91": {
            "Global_R2": 0.9616715699588935,
            "Per_Timestep_R2": [
                0.9571208316845738,
                0.962967611949859,
                0.9626833171311334,
                0.9617071404394499,
                0.9704007455708179,
                0.9610934700652034,
                0.9491467797991529,
                0.9664023360043525,
                0.9586514230929989,
                0.9667933701220472
            ],
            "Masked_RMSE": 1.3686923967431773e-10,
            "Unmasked_RMSE": 2.8357624871672804e-10,
            "Avg_Dice": 0.6502479078016141,
            "Dice_Empty_Skipped": 0,
            "Spatial_Correlation": 0.9831204879377663,
            "SSIM": 0.8554175968378879,
            "SSIM_Skipped_Frames": 0
        },
        "Far_Horizon_t92_t100": {
            "Global_R2": 0.94359904230789,
            "Per_Timestep_R2": [
                0.9467222317160702,
                0.9518910059829238,
                0.916238813788517,
                0.9511266548516262,
                0.93737740880159,
                0.9531117070412949,
                0.9535517568585283,
                0.9424828115409454,
                0.940677418613767
            ],
            "Masked_RMSE": 1.5469455740996325e-10,
            "Unmasked_RMSE": 3.410961242858867e-10,
            "Avg_Dice": 0.5605472019115165,
            "Dice_Empty_Skipped": 0,
            "Spatial_Correlation": 0.9746903048991711,
            "SSIM": 0.8246154370004652,
            "SSIM_Skipped_Frames": 0
        }
    }
}