{
    "grid": 250,
    "seed": 42,
    "cytokine": "il10",
    "best_params": {
        "base_filters": 64,
        "depth": 4,
        "dropout": 0.005487273051311496,
        "learning_rate": 0.0009493870795800265,
        "batch_size": 4
    },
    "optuna_best_val_loss": 0.01984107494354248,
    "train_time_seconds": 103.52,
    "results": {
        "Near_Horizon_t82_t91": {
            "Global_R2": 0.9953253445175825,
            "Per_Timestep_R2": [
                0.9955305356850909,
                0.993301029120122,
                0.9964027156332169,
                0.9962782984863517,
                0.9956598801700364,
                0.9950282184149646,
                0.9951791417273818,
                0.9954868496880562,
                0.995284325477278,
                0.9950994167381505
            ],
            "Masked_RMSE": 1.2162125741362203e-12,
            "Unmasked_RMSE": 1.925922798642881e-12,
            "Avg_Dice": 0.9504966384456932,
            "Dice_Empty_Skipped": 0,
            "Spatial_Correlation": 0.9978538016697754,
            "SSIM": 0.9567055878023842,
            "SSIM_Skipped_Frames": 0
        },
        "Far_Horizon_t92_t100": {
            "Global_R2": 0.9925106942232941,
            "Per_Timestep_R2": [
                0.9940850151650409,
                0.9922536267953804,
                0.9910023513025064,
                0.991901735426669,
                0.9928545679317602,
                0.9927143646545101,
                0.9925318123402701,
                0.9925451758194442,
                0.9927145299921412
            ],
            "Masked_RMSE": 1.443894294382598e-12,
            "Unmasked_RMSE": 2.465515004164965e-12,
            "Avg_Dice": 0.9408162146885878,
            "Dice_Empty_Skipped": 0,
            "Spatial_Correlation": 0.9965997176752313,
            "SSIM": 0.95523826388331,
            "SSIM_Skipped_Frames": 0
        }
    }
}