{
    "grid": 50,
    "seed": 42,
    "cytokine": "il10",
    "best_params": {
        "base_filters": 64,
        "depth": 4,
        "dropout": 0.007664848443162953,
        "learning_rate": 0.0009839486005409279,
        "batch_size": 4
    },
    "optuna_best_val_loss": 0.0645199790596962,
    "results": {
        "Near_Horizon_t82_t91": {
            "Global_R2": 0.7801008077824843,
            "Per_Timestep_R2": [
                0.8148377213462892,
                0.8192732238378571,
                0.7787781072521689,
                0.7899822233046941,
                0.7908720051914183,
                0.7797449677692868,
                0.7743955817664028,
                0.7595256051044764,
                0.7488386696621183,
                0.7412137933276034
            ],
            "Masked_RMSE": 2.8771229496877288e-09,
            "Unmasked_RMSE": 3.971638560894792e-09,
            "Avg_Dice": 0.22223145473491973,
            "Dice_Empty_Skipped": 0,
            "Spatial_Correlation": 0.905879309236215,
            "SSIM": 0.5802920174103157,
            "SSIM_Skipped_Frames": 0
        },
        "Far_Horizon_t92_t100": {
            "Global_R2": 0.6506584093588617,
            "Per_Timestep_R2": [
                0.7304841839743329,
                0.6751975867157642,
                0.6466281360001129,
                0.6544422492291518,
                0.6478096177079706,
                0.6477770417824207,
                0.6337108603022249,
                0.617806533597673,
                0.6038162386522996
            ],
            "Masked_RMSE": 3.4990885518020904e-09,
            "Unmasked_RMSE": 4.979370629172004e-09,
            "Avg_Dice": 0.19316453587716012,
            "Dice_Empty_Skipped": 0,
            "Spatial_Correlation": 0.8450671329288076,
            "SSIM": 0.508820426546507,
            "SSIM_Skipped_Frames": 0
        }
    }
}