{
    "grid": 50,
    "seed": 42,
    "cytokine": "il8",
    "best_params": {
        "base_filters": 64,
        "depth": 4,
        "dropout": 0.005487273051311496,
        "learning_rate": 0.0009493870795800265,
        "batch_size": 4
    },
    "optuna_best_val_loss": 0.06951893121004105,
    "results": {
        "Near_Horizon_t82_t91": {
            "Global_R2": 0.7485600651374811,
            "Per_Timestep_R2": [
                0.8024002367254689,
                0.79044630004788,
                0.7755868866824979,
                0.7644539817835778,
                0.7507280583584881,
                0.7391308730530353,
                0.732274812612755,
                0.7194731634741381,
                0.7130401972846816,
                0.7073853089055337
            ],
            "Masked_RMSE": 1.923325724475419e-06,
            "Unmasked_RMSE": 1.1160512958875557e-06,
            "Avg_Dice": 0.6438962810317993,
            "Dice_Empty_Skipped": 0,
            "Spatial_Correlation": 0.8750463339113864,
            "SSIM": 0.6625115136676766,
            "SSIM_Skipped_Frames": 0
        },
        "Far_Horizon_t92_t100": {
            "Global_R2": 0.6468032987313199,
            "Per_Timestep_R2": [
                0.7038289286817966,
                0.6842122094836018,
                0.6679375911274227,
                0.6511605157143292,
                0.6348901966123457,
                0.6293590571466876,
                0.6226704472642649,
                0.6188316450507274,
                0.6144571466811354
            ],
            "Masked_RMSE": 2.582278705323031e-06,
            "Unmasked_RMSE": 1.389570488052613e-06,
            "Avg_Dice": 0.6246101094714926,
            "Dice_Empty_Skipped": 0,
            "Spatial_Correlation": 0.8181551942386664,
            "SSIM": 0.6035129056978387,
            "SSIM_Skipped_Frames": 0
        }
    }
}