{
    "grid": 250,
    "seed": 100,
    "cytokine": "il8",
    "best_params": {
        "base_filters": 16,
        "depth": 3,
        "dropout": 0.007664848443162953,
        "learning_rate": 0.0009913605920815343,
        "batch_size": 8
    },
    "optuna_best_val_loss": 0.013345588929951191,
    "train_time_seconds": 68.35,
    "results": {
        "Near_Horizon_t82_t91": {
            "Global_R2": 0.9856716902283551,
            "Per_Timestep_R2": [
                0.9860695959021527,
                0.9859838941921801,
                0.98591097058003,
                0.9858847330903152,
                0.9858207250737585,
                0.985763612203668,
                0.9856012317997026,
                0.9854103094658939,
                0.9852343482155332,
                0.9850571734928257
            ],
            "Masked_RMSE": 4.817826500673797e-09,
            "Unmasked_RMSE": 1.1702912537978973e-09,
            "Avg_Dice": 0.9817748291832178,
            "Dice_Empty_Skipped": 0,
            "Spatial_Correlation": 0.9930257388270181,
            "SSIM": 0.9292348101878158,
            "SSIM_Skipped_Frames": 0
        },
        "Far_Horizon_t92_t100": {
            "Global_R2": 0.9840834553248062,
            "Per_Timestep_R2": [
                0.9850035717213405,
                0.9847731612439269,
                0.9844841353603808,
                0.9843368066375173,
                0.9841006589638717,
                0.9839238992057814,
                0.9836479984087828,
                0.983377179612139,
                0.9832029079268468
            ],
            "Masked_RMSE": 5.5909741628061094e-09,
            "Unmasked_RMSE": 1.3134370006109827e-09,
            "Avg_Dice": 0.9826272723133668,
            "Dice_Empty_Skipped": 0,
            "Spatial_Correlation": 0.9926845129128822,
            "SSIM": 0.9256477724751733,
            "SSIM_Skipped_Frames": 0
        }
    }
}