{
    "grid": 100,
    "seed": 100,
    "cytokine": "il10",
    "best_params": {
        "base_filters": 16,
        "depth": 3,
        "dropout": 0.007664848443162953,
        "learning_rate": 0.0009913605920815343,
        "batch_size": 8
    },
    "optuna_best_val_loss": 0.04543386027216911,
    "train_time_seconds": 42.27,
    "results": {
        "Near_Horizon_t82_t91": {
            "Global_R2": 0.9636262934075601,
            "Per_Timestep_R2": [
                0.9600082428876181,
                0.9661437523628971,
                0.9650312511475041,
                0.9633799626851696,
                0.9715343177374546,
                0.9623638986343674,
                0.9505433319386816,
                0.968296563888838,
                0.9602743994392084,
                0.9688787683304396
            ],
            "Masked_RMSE": 1.3791401758298129e-10,
            "Unmasked_RMSE": 2.762505284511261e-10,
            "Avg_Dice": 0.6818662530765647,
            "Dice_Empty_Skipped": 0,
            "Spatial_Correlation": 0.9837281739898401,
            "SSIM": 0.8705960306456906,
            "SSIM_Skipped_Frames": 0
        },
        "Far_Horizon_t92_t100": {
            "Global_R2": 0.946653016019021,
            "Per_Timestep_R2": [
                0.9485678325817541,
                0.9549038979248905,
                0.9181187617231411,
                0.9543549178596387,
                0.9406570157432216,
                0.9572286978902113,
                0.957163919050951,
                0.946462617744106,
                0.943223775538704
            ],
            "Masked_RMSE": 1.6162875280480927e-10,
            "Unmasked_RMSE": 3.31732850998844e-10,
            "Avg_Dice": 0.5989271841375235,
            "Dice_Empty_Skipped": 0,
            "Spatial_Correlation": 0.9760135895327435,
            "SSIM": 0.8399063938794615,
            "SSIM_Skipped_Frames": 0
        }
    }
}