{
    "grid": 100,
    "seed": 42,
    "cytokine": "il8",
    "best_params": {
        "base_filters": 16,
        "depth": 3,
        "dropout": 0.2994399997624957,
        "learning_rate": 0.0008575961874499516,
        "batch_size": 8
    },
    "optuna_best_val_loss": 0.030788064002990723,
    "train_time_seconds": 32.73,
    "results": {
        "Near_Horizon_t82_t91": {
            "Global_R2": 0.9841374116209333,
            "Per_Timestep_R2": [
                0.9850264855219736,
                0.9846116748043904,
                0.9845278858539236,
                0.9843388799814569,
                0.9841044343709348,
                0.9837638591736202,
                0.984074958492326,
                0.9839150702992492,
                0.983490925876551,
                0.9836075107349106
            ],
            "Masked_RMSE": 4.5793620440050965e-08,
            "Unmasked_RMSE": 2.6685619218886266e-08,
            "Avg_Dice": 0.9458301911856518,
            "Dice_Empty_Skipped": 0,
            "Spatial_Correlation": 0.9922009361727181,
            "SSIM": 0.94612033345547,
            "SSIM_Skipped_Frames": 0
        },
        "Far_Horizon_t92_t100": {
            "Global_R2": 0.9827040485497311,
            "Per_Timestep_R2": [
                0.9833267908802359,
                0.982894717691972,
                0.982807394785243,
                0.9830286688485571,
                0.982956262283911,
                0.9825170745585695,
                0.9823463789641972,
                0.9822889949382875,
                0.9822131094323795
            ],
            "Masked_RMSE": 4.990513413542277e-08,
            "Unmasked_RMSE": 2.936724600304786e-08,
            "Avg_Dice": 0.9450187871988134,
            "Dice_Empty_Skipped": 0,
            "Spatial_Correlation": 0.9915222798750938,
            "SSIM": 0.9423603963591396,
            "SSIM_Skipped_Frames": 0
        }
    }
}