{
    "grid": 100,
    "seed": 1,
    "cytokine": "il10",
    "best_params": {
        "base_filters": 16,
        "depth": 3,
        "dropout": 0.007664848443162953,
        "learning_rate": 0.0009913605920815343,
        "batch_size": 8
    },
    "optuna_best_val_loss": 0.04543386027216911,
    "train_time_seconds": 42.15,
    "results": {
        "Near_Horizon_t82_t91": {
            "Global_R2": 0.9552684208116075,
            "Per_Timestep_R2": [
                0.9519842157524423,
                0.9579983189658915,
                0.9575676772621674,
                0.9572569925904877,
                0.9643002578774439,
                0.9547666436449977,
                0.9436167832371527,
                0.9573027858906147,
                0.9510365742135833,
                0.9568406447340401
            ],
            "Masked_RMSE": 1.1493154954397495e-10,
            "Unmasked_RMSE": 3.06348990221593e-10,
            "Avg_Dice": 0.7722928074988512,
            "Dice_Empty_Skipped": 0,
            "Spatial_Correlation": 0.9784852486814686,
            "SSIM": 0.8982074673273328,
            "SSIM_Skipped_Frames": 0
        },
        "Far_Horizon_t92_t100": {
            "Global_R2": 0.9315508882456841,
            "Per_Timestep_R2": [
                0.9400772612899034,
                0.9434061917788972,
                0.9065370261687552,
                0.9363598370283892,
                0.9249381196530623,
                0.9389382814436977,
                0.9401838495256919,
                0.9282860427121753,
                0.9260184284273913
            ],
            "Masked_RMSE": 1.1525288248769956e-10,
            "Unmasked_RMSE": 3.757659759198749e-10,
            "Avg_Dice": 0.7388232741044786,
            "Dice_Empty_Skipped": 0,
            "Spatial_Correlation": 0.9671113878510702,
            "SSIM": 0.8801146463703019,
            "SSIM_Skipped_Frames": 0
        }
    }
}