{
    "grid": 250,
    "seed": 1,
    "cytokine": "il10",
    "best_params": {
        "base_filters": 64,
        "depth": 4,
        "dropout": 0.005487273051311496,
        "learning_rate": 0.0009493870795800265,
        "batch_size": 4
    },
    "optuna_best_val_loss": 0.01792844757437706,
    "train_time_seconds": 153.01,
    "results": {
        "Near_Horizon_t82_t91": {
            "Global_R2": 0.9948136725442847,
            "Per_Timestep_R2": [
                0.9953415537255496,
                0.993033852219599,
                0.9960620410469819,
                0.9958943578491313,
                0.9952151883002148,
                0.9945256706531282,
                0.9946042156397594,
                0.9947593502200832,
                0.9944941025356335,
                0.9942210449509444
            ],
            "Masked_RMSE": 1.138080501836757e-12,
            "Unmasked_RMSE": 2.028588861615492e-12,
            "Avg_Dice": 0.9532904434663843,
            "Dice_Empty_Skipped": 0,
            "Spatial_Correlation": 0.9977292536580781,
            "SSIM": 0.9592404699798929,
            "SSIM_Skipped_Frames": 0
        },
        "Far_Horizon_t92_t100": {
            "Global_R2": 0.9911328235886002,
            "Per_Timestep_R2": [
                0.9931099181835967,
                0.9911732362924847,
                0.989888717843075,
                0.9907108244480854,
                0.9915855570634174,
                0.9912352442220481,
                0.9908412742940156,
                0.9907990373949787,
                0.990869931437488
            ],
            "Masked_RMSE": 1.4359965959589563e-12,
            "Unmasked_RMSE": 2.682745919408812e-12,
            "Avg_Dice": 0.9422600070605385,
            "Dice_Empty_Skipped": 0,
            "Spatial_Correlation": 0.9962735305060992,
            "SSIM": 0.9566336412653322,
            "SSIM_Skipped_Frames": 0
        }
    }
}