{
    "grid": 250,
    "seed": 42,
    "cytokine": "il10",
    "best_params": {
        "base_filters": 64,
        "depth": 4,
        "dropout": 0.005487273051311496,
        "learning_rate": 0.0009493870795800265,
        "batch_size": 4
    },
    "optuna_best_val_loss": 0.01792844757437706,
    "train_time_seconds": 170.14,
    "results": {
        "Near_Horizon_t82_t91": {
            "Global_R2": 0.9942965824904233,
            "Per_Timestep_R2": [
                0.9947073229778177,
                0.9924195466663538,
                0.995421975804127,
                0.9953394499474554,
                0.9946790336874926,
                0.9940076719624243,
                0.9940422189058409,
                0.9943626334182916,
                0.9941162970530042,
                0.9938766090216877
            ],
            "Masked_RMSE": 1.2305873368659014e-12,
            "Unmasked_RMSE": 2.127314262987969e-12,
            "Avg_Dice": 0.9380907976337893,
            "Dice_Empty_Skipped": 0,
            "Spatial_Correlation": 0.997348217039308,
            "SSIM": 0.9467845956816359,
            "SSIM_Skipped_Frames": 0
        },
        "Far_Horizon_t92_t100": {
            "Global_R2": 0.991071823454881,
            "Per_Timestep_R2": [
                0.9928543774176173,
                0.9909319098215544,
                0.989537204083915,
                0.9903957260973696,
                0.9913449521326261,
                0.9912618831165453,
                0.9910225405794364,
                0.9910628870977507,
                0.9912451617763691
            ],
            "Masked_RMSE": 1.5321669930455889e-12,
            "Unmasked_RMSE": 2.691957835904298e-12,
            "Avg_Dice": 0.9245916915330638,
            "Dice_Empty_Skipped": 0,
            "Spatial_Correlation": 0.9959028393701503,
            "SSIM": 0.9444419358584304,
            "SSIM_Skipped_Frames": 0
        }
    }
}