{
    "grid": 250,
    "seed": 1,
    "cytokine": "il8",
    "best_params": {
        "base_filters": 16,
        "depth": 4,
        "dropout": 0.20685550010701853,
        "learning_rate": 0.0009978356141024322,
        "batch_size": 4
    },
    "optuna_best_val_loss": 0.004286907147616148,
    "train_time_seconds": 77.09,
    "results": {
        "Near_Horizon_t82_t91": {
            "Global_R2": 0.9920601933680433,
            "Per_Timestep_R2": [
                0.9926149458076255,
                0.9925326269929841,
                0.9924361113313078,
                0.9922801532370545,
                0.9921454363963015,
                0.9919989182005041,
                0.9918840116040963,
                0.9917675245650202,
                0.9916138811912307,
                0.9914231155903555
            ],
            "Masked_RMSE": 2.1289532222377676e-09,
            "Unmasked_RMSE": 8.711670504834616e-10,
            "Avg_Dice": 0.9853355883282047,
            "Dice_Empty_Skipped": 0,
            "Spatial_Correlation": 0.9961159504130963,
            "SSIM": 0.9548074413093705,
            "SSIM_Skipped_Frames": 0
        },
        "Far_Horizon_t92_t100": {
            "Global_R2": 0.9905885305548667,
            "Per_Timestep_R2": [
                0.9913087503126304,
                0.9911537207432004,
                0.9910453380692444,
                0.990858859878692,
                0.9906505099052301,
                0.9904793956221533,
                0.9901798775216217,
                0.9899719585670137,
                0.9897560247207143
            ],
            "Masked_RMSE": 2.5096219941696804e-09,
            "Unmasked_RMSE": 1.0099818482840058e-09,
            "Avg_Dice": 0.9851525252154397,
            "Dice_Empty_Skipped": 0,
            "Spatial_Correlation": 0.995514702856095,
            "SSIM": 0.9504166671705795,
            "SSIM_Skipped_Frames": 0
        }
    }
}