{
    "grid": 100,
    "seed": 1,
    "cytokine": "il8",
    "best_params": {
        "base_filters": 16,
        "depth": 3,
        "dropout": 0.2996863289418359,
        "learning_rate": 0.0008457021139412333,
        "batch_size": 8
    },
    "optuna_best_val_loss": 0.03046865202486515,
    "train_time_seconds": 39.71,
    "results": {
        "Near_Horizon_t82_t91": {
            "Global_R2": 0.9806501608478587,
            "Per_Timestep_R2": [
                0.9823793347336974,
                0.9821026743516755,
                0.9815831247188519,
                0.9811772728553879,
                0.980916579160484,
                0.9808035422424853,
                0.980056156234182,
                0.9795631259276236,
                0.979511688687389,
                0.9787163274057459
            ],
            "Masked_RMSE": 6.880405799879712e-08,
            "Unmasked_RMSE": 2.947331169072438e-08,
            "Avg_Dice": 0.9407016339209922,
            "Dice_Empty_Skipped": 0,
            "Spatial_Correlation": 0.9908178694234044,
            "SSIM": 0.9493792801898445,
            "SSIM_Skipped_Frames": 0
        },
        "Far_Horizon_t92_t100": {
            "Global_R2": 0.9771349636928356,
            "Per_Timestep_R2": [
                0.9780896740519279,
                0.9777839575045713,
                0.9776080956094,
                0.9777488096387316,
                0.9769405116314067,
                0.9768214952247957,
                0.976626499557422,
                0.976406090494411,
                0.9762888709586439
            ],
            "Masked_RMSE": 9.129053953762248e-08,
            "Unmasked_RMSE": 3.376579194335068e-08,
            "Avg_Dice": 0.9419564307862333,
            "Dice_Empty_Skipped": 0,
            "Spatial_Correlation": 0.9893509982124491,
            "SSIM": 0.9360855072954206,
            "SSIM_Skipped_Frames": 0
        }
    }
}