{
    "grid": 250,
    "seed": 1,
    "cytokine": "il8",
    "best_params": {
        "base_filters": 16,
        "depth": 3,
        "dropout": 0.007664848443162953,
        "learning_rate": 0.0009913605920815343,
        "batch_size": 8
    },
    "optuna_best_val_loss": 0.013636532239615917,
    "train_time_seconds": 63.76,
    "results": {
        "Near_Horizon_t82_t91": {
            "Global_R2": 0.9810157211154296,
            "Per_Timestep_R2": [
                0.9831502491368599,
                0.9827469479500857,
                0.982308360364816,
                0.9817711618861296,
                0.9812826127895442,
                0.9807666344802431,
                0.9802648805332527,
                0.9797983025050592,
                0.9794203783155783,
                0.9790529690070434
            ],
            "Masked_RMSE": 4.598969270617006e-09,
            "Unmasked_RMSE": 1.3470804422325546e-09,
            "Avg_Dice": 0.9801267225517017,
            "Dice_Empty_Skipped": 0,
            "Spatial_Correlation": 0.9911249704911052,
            "SSIM": 0.924692133757804,
            "SSIM_Skipped_Frames": 0
        },
        "Far_Horizon_t92_t100": {
            "Global_R2": 0.9767004109592031,
            "Per_Timestep_R2": [
                0.9784791579659199,
                0.9779743984417244,
                0.9776087595501598,
                0.9772331471139484,
                0.976807147011529,
                0.9764341418585829,
                0.9758278477385736,
                0.9753181197733448,
                0.9748554094090939
            ],
            "Masked_RMSE": 4.870328331016189e-09,
            "Unmasked_RMSE": 1.589128369160018e-09,
            "Avg_Dice": 0.9802219583603564,
            "Dice_Empty_Skipped": 0,
            "Spatial_Correlation": 0.989602340157606,
            "SSIM": 0.9116313221267262,
            "SSIM_Skipped_Frames": 0
        }
    }
}