{
    "grid": 100,
    "seed": 1,
    "cytokine": "il10",
    "best_params": {
        "base_filters": 16,
        "depth": 4,
        "dropout": 0.1313590301561648,
        "learning_rate": 0.0009787792491139401,
        "batch_size": 4
    },
    "optuna_best_val_loss": 0.0049149999395012856,
    "train_time_seconds": 41.16,
    "results": {
        "Near_Horizon_t82_t91": {
            "Global_R2": 0.9538217785120638,
            "Per_Timestep_R2": [
                0.9534588495889148,
                0.957452326443459,
                0.9583168938449551,
                0.9561602854813295,
                0.9644677155955867,
                0.9551677848875353,
                0.9431500083664831,
                0.953819156514383,
                0.9456481720650073,
                0.950199875300088
            ],
            "Masked_RMSE": 1.0544565451209388e-10,
            "Unmasked_RMSE": 3.112633154524473e-10,
            "Avg_Dice": 0.8395340489996606,
            "Dice_Empty_Skipped": 0,
            "Spatial_Correlation": 0.9779397357283787,
            "SSIM": 0.9647318027641244,
            "SSIM_Skipped_Frames": 0
        },
        "Far_Horizon_t92_t100": {
            "Global_R2": 0.9259915571958198,
            "Per_Timestep_R2": [
                0.9335289329184525,
                0.9394482982131818,
                0.9021827571334163,
                0.9305492504483713,
                0.9194153019686038,
                0.9353914313016708,
                0.9340218476213052,
                0.9208892401066293,
                0.9192155917233842
            ],
            "Masked_RMSE": 1.445247031342535e-10,
            "Unmasked_RMSE": 3.907276800690994e-10,
            "Avg_Dice": 0.8039465619754739,
            "Dice_Empty_Skipped": 0,
            "Spatial_Correlation": 0.9655072010244534,
            "SSIM": 0.9454448363633831,
            "SSIM_Skipped_Frames": 0
        }
    }
}