{
    "grid": 100,
    "seed": 42,
    "cytokine": "il10",
    "best_params": {
        "base_filters": 16,
        "depth": 3,
        "dropout": 0.007664848443162953,
        "learning_rate": 0.0009913605920815343,
        "batch_size": 8
    },
    "optuna_best_val_loss": 0.04543386027216911,
    "train_time_seconds": 33.01,
    "results": {
        "Near_Horizon_t82_t91": {
            "Global_R2": 0.9598627734825518,
            "Per_Timestep_R2": [
                0.9564133160263881,
                0.9622291417032576,
                0.9627899649920058,
                0.9613188401861036,
                0.9673373084618313,
                0.9602378098379905,
                0.9482134364459308,
                0.9617438183890785,
                0.9560633898261099,
                0.9623083994304145
            ],
            "Masked_RMSE": 1.8084177802021562e-10,
            "Unmasked_RMSE": 2.901903842572061e-10,
            "Avg_Dice": 0.8087994301905839,
            "Dice_Empty_Skipped": 0,
            "Spatial_Correlation": 0.9822640376512163,
            "SSIM": 0.8809615178957383,
            "SSIM_Skipped_Frames": 0
        },
        "Far_Horizon_t92_t100": {
            "Global_R2": 0.9401026490485302,
            "Per_Timestep_R2": [
                0.9438238763067375,
                0.948047356579836,
                0.9124499849121558,
                0.9469815227105824,
                0.9362747382398157,
                0.9506720245998077,
                0.9493647787510193,
                0.9392764389051013,
                0.9347526708556514
            ],
            "Masked_RMSE": 1.968775678538573e-10,
            "Unmasked_RMSE": 3.5150973182214457e-10,
            "Avg_Dice": 0.8036079228562084,
            "Dice_Empty_Skipped": 0,
            "Spatial_Correlation": 0.9751179582167315,
            "SSIM": 0.8644850304399903,
            "SSIM_Skipped_Frames": 0
        }
    }
}