{
    "grid": 250,
    "seed": 42,
    "cytokine": "il8",
    "best_params": {
        "base_filters": 16,
        "depth": 3,
        "dropout": 0.007664848443162953,
        "learning_rate": 0.0009913605920815343,
        "batch_size": 8
    },
    "optuna_best_val_loss": 0.013636532239615917,
    "train_time_seconds": 66.86,
    "results": {
        "Near_Horizon_t82_t91": {
            "Global_R2": 0.9859842360540738,
            "Per_Timestep_R2": [
                0.9859577433400187,
                0.9859272636397637,
                0.9859457780926622,
                0.9858859809557455,
                0.985906588586814,
                0.9859104535953855,
                0.9860338938475711,
                0.9860457449122345,
                0.9860375284916615,
                0.9860697904095592
            ],
            "Masked_RMSE": 4.274814419295495e-09,
            "Unmasked_RMSE": 1.1574569992076343e-09,
            "Avg_Dice": 0.9792830830194118,
            "Dice_Empty_Skipped": 0,
            "Spatial_Correlation": 0.9929690097026361,
            "SSIM": 0.9129316018719924,
            "SSIM_Skipped_Frames": 0
        },
        "Far_Horizon_t92_t100": {
            "Global_R2": 0.9861221478104154,
            "Per_Timestep_R2": [
                0.9860674655156433,
                0.9861032178620741,
                0.98620819678469,
                0.9861346462515124,
                0.9861710891264409,
                0.9861576350937409,
                0.9860879832582685,
                0.9860942262464392,
                0.986019308307353
            ],
            "Masked_RMSE": 4.238892405103979e-09,
            "Unmasked_RMSE": 1.2264390754005263e-09,
            "Avg_Dice": 0.9811953934560369,
            "Dice_Empty_Skipped": 0,
            "Spatial_Correlation": 0.9930650546423587,
            "SSIM": 0.9097851261046057,
            "SSIM_Skipped_Frames": 0
        }
    }
}