{
    "grid": 250,
    "seed": 42,
    "cytokine": "il10",
    "best_params": {
        "base_filters": 64,
        "depth": 4,
        "dropout": 0.005487273051311496,
        "learning_rate": 0.0009493870795800265,
        "batch_size": 4
    },
    "optuna_best_val_loss": 0.019438179209828377,
    "results": {
        "Near_Horizon_t82_t91": {
            "Global_R2": 0.9953025791091621,
            "Per_Timestep_R2": [
                0.9955521124241549,
                0.9933139711862637,
                0.9964023382060245,
                0.9962910501322534,
                0.995662575778452,
                0.9950095811746021,
                0.9951330106566765,
                0.9954285268257945,
                0.9952203624429635,
                0.9950120520982554
            ],
            "Masked_RMSE": 1.1304246668065656e-12,
            "Unmasked_RMSE": 1.9306066912474966e-12,
            "Avg_Dice": 0.9515464509440331,
            "Dice_Empty_Skipped": 0,
            "Spatial_Correlation": 0.9978584203540641,
            "SSIM": 0.9586176401046765,
            "SSIM_Skipped_Frames": 0
        },
        "Far_Horizon_t92_t100": {
            "Global_R2": 0.9923917087306251,
            "Per_Timestep_R2": [
                0.9939778224148493,
                0.9921311020601009,
                0.9909035170234264,
                0.9917818512761544,
                0.9927516980284289,
                0.9925894840243119,
                0.9923914113356002,
                0.992415653206172,
                0.9925900472138387
            ],
            "Masked_RMSE": 1.4330077473196928e-12,
            "Unmasked_RMSE": 2.4850231206827473e-12,
            "Avg_Dice": 0.942836917640403,
            "Dice_Empty_Skipped": 0,
            "Spatial_Correlation": 0.9965811956998754,
            "SSIM": 0.9577558383772519,
            "SSIM_Skipped_Frames": 0
        }
    }
}