{
    "grid": 250,
    "seed": 100,
    "cytokine": "il8",
    "best_params": {
        "base_filters": 64,
        "depth": 3,
        "dropout": 0.11830355703009685,
        "learning_rate": 0.0005581778499669387,
        "batch_size": 4
    },
    "optuna_best_val_loss": 0.007686994969844818,
    "train_time_seconds": 146.77,
    "results": {
        "Near_Horizon_t82_t91": {
            "Global_R2": 0.9919084304679248,
            "Per_Timestep_R2": [
                0.9921751590308515,
                0.9921228723154799,
                0.9920576270155201,
                0.992002867955983,
                0.9919524432098865,
                0.9918961440965584,
                0.9918593747305895,
                0.9917752100646271,
                0.9916635189676478,
                0.9915924438496981
            ],
            "Masked_RMSE": 1.756581224886697e-09,
            "Unmasked_RMSE": 8.794534632045573e-10,
            "Avg_Dice": 0.9856990863273692,
            "Dice_Empty_Skipped": 0,
            "Spatial_Correlation": 0.995951666303403,
            "SSIM": 0.9498616962729723,
            "SSIM_Skipped_Frames": 0
        },
        "Far_Horizon_t92_t100": {
            "Global_R2": 0.99117670987783,
            "Per_Timestep_R2": [
                0.9915190398392406,
                0.9914193095089715,
                0.991332422811506,
                0.9912665610579352,
                0.9911652908518614,
                0.9910785923232109,
                0.9910234481968799,
                0.9909432622460455,
                0.9908645716040531
            ],
            "Masked_RMSE": 1.8095035914657912e-09,
            "Unmasked_RMSE": 9.779127986790946e-10,
            "Avg_Dice": 0.9867053488344705,
            "Dice_Empty_Skipped": 0,
            "Spatial_Correlation": 0.9956074751659467,
            "SSIM": 0.9419189356483673,
            "SSIM_Skipped_Frames": 0
        }
    }
}