{
    "grid": 250,
    "seed": 100,
    "cytokine": "il10",
    "best_params": {
        "base_filters": 32,
        "depth": 3,
        "dropout": 0.24393042967263776,
        "learning_rate": 0.0006644457441179376,
        "batch_size": 4
    },
    "optuna_best_val_loss": 0.01294070202857256,
    "train_time_seconds": 82.67,
    "results": {
        "Near_Horizon_t82_t91": {
            "Global_R2": 0.9903046050491247,
            "Per_Timestep_R2": [
                0.9919115351565178,
                0.9891346138583772,
                0.9912789689094028,
                0.991927850604164,
                0.9911178582396916,
                0.9900365502298902,
                0.9898078194718283,
                0.9897489743328877,
                0.989349350970697,
                0.98879149714158
            ],
            "Masked_RMSE": 1.5551668315580308e-12,
            "Unmasked_RMSE": 2.773619118262051e-12,
            "Avg_Dice": 0.9083591496031561,
            "Dice_Empty_Skipped": 0,
            "Spatial_Correlation": 0.9958280339121438,
            "SSIM": 0.9298238710137664,
            "SSIM_Skipped_Frames": 0
        },
        "Far_Horizon_t92_t100": {
            "Global_R2": 0.9835075056020223,
            "Per_Timestep_R2": [
                0.9874083048361216,
                0.9848796127733633,
                0.9826883032453417,
                0.9826682619311131,
                0.9838289418872475,
                0.983489394154898,
                0.9825126203169028,
                0.9822041637920808,
                0.9819472108073716
            ],
            "Masked_RMSE": 2.0387631866517056e-12,
            "Unmasked_RMSE": 3.658727302051801e-12,
            "Avg_Dice": 0.8871968882084009,
            "Dice_Empty_Skipped": 0,
            "Spatial_Correlation": 0.9934371374055684,
            "SSIM": 0.9224584517423536,
            "SSIM_Skipped_Frames": 0
        }
    }
}