{
    "grid": 100,
    "seed": 1,
    "cytokine": "il8",
    "best_params": {
        "base_filters": 16,
        "depth": 4,
        "dropout": 0.1313590301561648,
        "learning_rate": 0.0009787792491139401,
        "batch_size": 4
    },
    "optuna_best_val_loss": 0.0032715636771172285,
    "train_time_seconds": 66.83,
    "results": {
        "Near_Horizon_t82_t91": {
            "Global_R2": 0.9835616022781587,
            "Per_Timestep_R2": [
                0.9865590798494366,
                0.9861376725284571,
                0.9852966140799222,
                0.984672492355612,
                0.9837490350605853,
                0.9833434159042345,
                0.982598488481926,
                0.9817833245743309,
                0.9813571314342351,
                0.9807049464745188
            ],
            "Masked_RMSE": 5.1616507119455465e-08,
            "Unmasked_RMSE": 2.7165643636691977e-08,
            "Avg_Dice": 0.9407073946834181,
            "Dice_Empty_Skipped": 0,
            "Spatial_Correlation": 0.9921961826296455,
            "SSIM": 0.9707783191562989,
            "SSIM_Skipped_Frames": 0
        },
        "Far_Horizon_t92_t100": {
            "Global_R2": 0.9778639662004096,
            "Per_Timestep_R2": [
                0.9801066328861526,
                0.9793574523868692,
                0.9785829296981337,
                0.9788663026111852,
                0.9782462987156241,
                0.9776060423398749,
                0.9766429460299861,
                0.9761898391038468,
                0.9754775945440243
            ],
            "Masked_RMSE": 6.422644323719094e-08,
            "Unmasked_RMSE": 3.322315689127141e-08,
            "Avg_Dice": 0.9350725923769132,
            "Dice_Empty_Skipped": 0,
            "Spatial_Correlation": 0.9895890410331858,
            "SSIM": 0.9588116556888894,
            "SSIM_Skipped_Frames": 0
        }
    }
}