{
    "grid": 250,
    "seed": 1,
    "cytokine": "il8",
    "best_params": {
        "base_filters": 16,
        "depth": 3,
        "dropout": 0.007664848443162953,
        "learning_rate": 0.0009913605920815343,
        "batch_size": 8
    },
    "optuna_best_val_loss": 0.013345588929951191,
    "train_time_seconds": 61.18,
    "results": {
        "Near_Horizon_t82_t91": {
            "Global_R2": 0.981106745992819,
            "Per_Timestep_R2": [
                0.9829232196090943,
                0.9825988468896519,
                0.9822619606477627,
                0.9818461732683588,
                0.9814039504737236,
                0.9809570946789413,
                0.9804859338041918,
                0.9800949108959358,
                0.9796560978757357,
                0.9791881351762489
            ],
            "Masked_RMSE": 4.5779308830661785e-09,
            "Unmasked_RMSE": 1.3438471046184734e-09,
            "Avg_Dice": 0.9803424374014817,
            "Dice_Empty_Skipped": 0,
            "Spatial_Correlation": 0.9911973443166278,
            "SSIM": 0.9282051828664912,
            "SSIM_Skipped_Frames": 0
        },
        "Far_Horizon_t92_t100": {
            "Global_R2": 0.9769347044899316,
            "Per_Timestep_R2": [
                0.9787308402621807,
                0.9782364349288414,
                0.9778823183761396,
                0.9775054290737726,
                0.9770049492197513,
                0.976508296072783,
                0.9760561134979924,
                0.9756025149889975,
                0.975122881365641
            ],
            "Masked_RMSE": 4.866183322588463e-09,
            "Unmasked_RMSE": 1.5811182874846575e-09,
            "Avg_Dice": 0.9813405971013547,
            "Dice_Empty_Skipped": 0,
            "Spatial_Correlation": 0.9897401897942104,
            "SSIM": 0.9168655121871446,
            "SSIM_Skipped_Frames": 0
        }
    }
}