{
    "grid": 500,
    "seed": 1,
    "cytokine": "il10",
    "best_params": {
        "filters": 64,
        "lstm_units": 128,
        "lr": 0.0009532584058781136,
        "batch_size": 2
    },
    "train_time_seconds": 11968.13,
    "pred_time_seconds": 2.9373,
    "split": {
        "n_train": 140,
        "n_val": 20,
        "n_test": 39
    },
    "results": {
        "Window1_t162_t174": {
            "Global_R2": 0.869069460880976,
            "Masked_RMSE": 5.14689842153864e-13,
            "Unmasked_RMSE": 1.22808796164814e-12,
            "Avg_Dice": 0.9295258566045572,
            "Dice_Empty_Skipped": 0,
            "Spatial_Correlation": 0.9386752495960897,
            "SSIM": 0.9280637379208614,
            "SSIM_Skipped_Frames": 0
        },
        "Window2_t175_t187": {
            "Global_R2": 0.76635826161482,
            "Masked_RMSE": 6.564271692510227e-13,
            "Unmasked_RMSE": 1.5858094845302546e-12,
            "Avg_Dice": 0.9111362562186778,
            "Dice_Empty_Skipped": 0,
            "Spatial_Correlation": 0.891442890694133,
            "SSIM": 0.9128107480140575,
            "SSIM_Skipped_Frames": 0
        },
        "Window3_t188_t200": {
            "Global_R2": 0.6428775864969547,
            "Masked_RMSE": 9.22715376319222e-13,
            "Unmasked_RMSE": 1.9048579157410443e-12,
            "Avg_Dice": 0.8927685125175735,
            "Dice_Empty_Skipped": 0,
            "Spatial_Correlation": 0.8347048662408696,
            "SSIM": 0.8802540515681987,
            "SSIM_Skipped_Frames": 0
        }
    }
}