{
    "grid": 100,
    "seed": 1,
    "cytokine": "il8",
    "best_params": {
        "filters": 32,
        "lstm_units": 128,
        "learning_rate": 0.0009307817293627743,
        "batch_size": 4
    },
    "optuna_best_val_loss": 0.014736421406269073,
    "train_time_seconds": 31.68,
    "results": {
        "Near_Horizon_t82_t91": {
            "Global_R2": 0.9778436417917973,
            "Per_Timestep_R2": [
                0.9835824292361748,
                0.9825887321749284,
                0.9814426924429137,
                0.9802530963170534,
                0.9790638595411592,
                0.9779363540111731,
                0.9762553359387461,
                0.974382387284727,
                0.972530128197116,
                0.9716451451881429
            ],
            "Masked_RMSE": 1.0418022069474554e-07,
            "Unmasked_RMSE": 3.153838469605373e-08,
            "Avg_Dice": 0.951865076587095,
            "Dice_Empty_Skipped": 0,
            "Spatial_Correlation": 0.9905102544108632,
            "SSIM": 0.9140046825930366,
            "SSIM_Skipped_Frames": 0
        },
        "Far_Horizon_t92_t100": {
            "Global_R2": 0.9576700958658536,
            "Per_Timestep_R2": [
                0.9701768200197091,
                0.9677519592977593,
                0.9649866663514707,
                0.9617185016857794,
                0.9584467370595379,
                0.9551005663757121,
                0.9512333836216919,
                0.947583202026936,
                0.9440372957372369
            ],
            "Masked_RMSE": 1.3341941008139742e-07,
            "Unmasked_RMSE": 4.5942501154519145e-08,
            "Avg_Dice": 0.9407124244555569,
            "Dice_Empty_Skipped": 0,
            "Spatial_Correlation": 0.9855026627854091,
            "SSIM": 0.8226515539432416,
            "SSIM_Skipped_Frames": 0
        }
    }
}