{
    "grid": 250,
    "seed": 42,
    "cytokine": "il8",
    "best_params": {
        "filters": 32,
        "lstm_units": 256,
        "learning_rate": 0.00022563125582048365,
        "batch_size": 4
    },
    "optuna_best_val_loss": 0.018296144902706146,
    "train_time_seconds": 26.73,
    "results": {
        "Near_Horizon_t82_t91": {
            "Global_R2": 0.9627316514979336,
            "Per_Timestep_R2": [
                0.9697106193359805,
                0.9683579895821528,
                0.9669850823376527,
                0.9655894742387677,
                0.9640598579425347,
                0.9624319717806907,
                0.9607249659015489,
                0.9589155322811529,
                0.9570588767875476,
                0.9550809374865632
            ],
            "Masked_RMSE": 1.3242799885307536e-08,
            "Unmasked_RMSE": 1.8874113059677005e-09,
            "Avg_Dice": 0.9855422825514687,
            "Dice_Empty_Skipped": 0,
            "Spatial_Correlation": 0.9907815555876706,
            "SSIM": 0.9462263036737006,
            "SSIM_Skipped_Frames": 0
        },
        "Far_Horizon_t92_t100": {
            "Global_R2": 0.9444823261604484,
            "Per_Timestep_R2": [
                0.9530147472168763,
                0.9509863313970097,
                0.9489099961901762,
                0.9468554639189051,
                0.944802652008947,
                0.9426176821981593,
                0.9404100482364598,
                0.9381808578877558,
                0.9359267368436466
            ],
            "Masked_RMSE": 1.4704388361106643e-08,
            "Unmasked_RMSE": 2.453016564215443e-09,
            "Avg_Dice": 0.9823512014911828,
            "Dice_Empty_Skipped": 0,
            "Spatial_Correlation": 0.9903489828197192,
            "SSIM": 0.9230147506792582,
            "SSIM_Skipped_Frames": 0
        }
    }
}