{
    "grid": 250,
    "seed": 1,
    "cytokine": "il10",
    "best_params": {
        "filters": 32,
        "lstm_units": 128,
        "learning_rate": 0.0009808865035528388,
        "batch_size": 4
    },
    "optuna_best_val_loss": 0.05759163945913315,
    "train_time_seconds": 44.02,
    "results": {
        "Near_Horizon_t82_t91": {
            "Global_R2": 0.9092861105464748,
            "Per_Timestep_R2": [
                0.9237017910125832,
                0.9184806004460663,
                0.9162110103207373,
                0.9138850758868503,
                0.9110396036282341,
                0.9077212690785297,
                0.9047331622106269,
                0.90205151902557,
                0.8993034482682963,
                0.8964227596916039
            ],
            "Masked_RMSE": 5.68868456386278e-12,
            "Unmasked_RMSE": 8.484005936078242e-12,
            "Avg_Dice": 0.8020337533285886,
            "Dice_Empty_Skipped": 0,
            "Spatial_Correlation": 0.9551800154445608,
            "SSIM": 0.8286973041488983,
            "SSIM_Skipped_Frames": 0
        },
        "Far_Horizon_t92_t100": {
            "Global_R2": 0.8748232915871732,
            "Per_Timestep_R2": [
                0.8927813641009846,
                0.8879153651512528,
                0.8822279885801511,
                0.8776064031856138,
                0.8739999188251467,
                0.8702854815406054,
                0.8664812483517316,
                0.8629146207059347,
                0.8596285698529675
            ],
            "Masked_RMSE": 5.855351556085415e-12,
            "Unmasked_RMSE": 1.007972380729405e-11,
            "Avg_Dice": 0.7960394396750219,
            "Dice_Empty_Skipped": 0,
            "Spatial_Correlation": 0.9368143500272531,
            "SSIM": 0.7984080736673198,
            "SSIM_Skipped_Frames": 0
        }
    }
}