{
    "grid": 100,
    "seed": 42,
    "cytokine": "il8",
    "best_params": {
        "filters": 32,
        "lstm_units": 128,
        "learning_rate": 0.0009307817293627743,
        "batch_size": 4
    },
    "optuna_best_val_loss": 0.014731270261108875,
    "train_time_seconds": 27.6,
    "results": {
        "Near_Horizon_t82_t91": {
            "Global_R2": 0.9698056502378346,
            "Per_Timestep_R2": [
                0.9799388702102336,
                0.9784900455700987,
                0.9766372385907481,
                0.9746407088398202,
                0.9724700964688036,
                0.9702421260424795,
                0.9673516659031374,
                0.9636558807541424,
                0.9598657296467555,
                0.9571389474859667
            ],
            "Masked_RMSE": 1.3435827947408217e-07,
            "Unmasked_RMSE": 3.6817398487262326e-08,
            "Avg_Dice": 0.9447735212883572,
            "Dice_Empty_Skipped": 0,
            "Spatial_Correlation": 0.9894153914696422,
            "SSIM": 0.8570503871288843,
            "SSIM_Skipped_Frames": 0
        },
        "Far_Horizon_t92_t100": {
            "Global_R2": 0.9288263972894204,
            "Per_Timestep_R2": [
                0.9546267548043169,
                0.95003089555632,
                0.944549892240361,
                0.9384909636555552,
                0.9314397939728286,
                0.9238751545004098,
                0.9154086823132056,
                0.9068285056787855,
                0.8985259280067931
            ],
            "Masked_RMSE": 1.6790246557396115e-07,
            "Unmasked_RMSE": 5.957313666871721e-08,
            "Avg_Dice": 0.9075502582280435,
            "Dice_Empty_Skipped": 0,
            "Spatial_Correlation": 0.9845580576118156,
            "SSIM": 0.7439117305456185,
            "SSIM_Skipped_Frames": 0
        }
    }
}