{
    "grid": 100,
    "seed": 1,
    "cytokine": "il8",
    "best_params": {
        "filters": 32,
        "lstm_units": 64,
        "learning_rate": 0.0009167468999005658,
        "batch_size": 4
    },
    "optuna_best_val_loss": 0.014344139024615288,
    "train_time_seconds": 36.98,
    "results": {
        "Near_Horizon_t82_t91": {
            "Global_R2": 0.9691957702113271,
            "Per_Timestep_R2": [
                0.9719974136515387,
                0.9714234590744173,
                0.9708583823690974,
                0.97023698517264,
                0.9695803495339234,
                0.9688962435086632,
                0.9683216453189314,
                0.9677343606346653,
                0.9671169239006916,
                0.9662862920582695
            ],
            "Masked_RMSE": 1.6231483314656612e-07,
            "Unmasked_RMSE": 3.7187367402363515e-08,
            "Avg_Dice": 0.9499034458718649,
            "Dice_Empty_Skipped": 0,
            "Spatial_Correlation": 0.9871112968657636,
            "SSIM": 0.9675154745242933,
            "SSIM_Skipped_Frames": 0
        },
        "Far_Horizon_t92_t100": {
            "Global_R2": 0.9625505983692199,
            "Per_Timestep_R2": [
                0.9654917911708412,
                0.9648025002964216,
                0.9640992589058792,
                0.9633992477788459,
                0.9626677087621289,
                0.9619032090842787,
                0.9611635082667525,
                0.9603320722850353,
                0.9594852367787834
            ],
            "Masked_RMSE": 1.8581765342295877e-07,
            "Unmasked_RMSE": 4.321290211911243e-08,
            "Avg_Dice": 0.9492317768301055,
            "Dice_Empty_Skipped": 0,
            "Spatial_Correlation": 0.9844539229172314,
            "SSIM": 0.959635827396506,
            "SSIM_Skipped_Frames": 0
        }
    }
}