{
    "grid": 100,
    "seed": 100,
    "cytokine": "il8",
    "best_params": {
        "filters": 64,
        "lstm_units": 256,
        "learning_rate": 0.0005801261960936393,
        "batch_size": 4
    },
    "optuna_best_val_loss": 0.012166624888777733,
    "train_time_seconds": 37.31,
    "results": {
        "Near_Horizon_t82_t91": {
            "Global_R2": 0.9848438132428835,
            "Per_Timestep_R2": [
                0.9891849778167764,
                0.9883236148698377,
                0.987479001808171,
                0.9865625310283022,
                0.9855902879102212,
                0.984563578971475,
                0.9835697068181966,
                0.982542432004312,
                0.981416510549372,
                0.9801141847736387
            ],
            "Masked_RMSE": 8.916611310884283e-08,
            "Unmasked_RMSE": 2.6084663067447318e-08,
            "Avg_Dice": 0.9806263239661502,
            "Dice_Empty_Skipped": 0,
            "Spatial_Correlation": 0.996933238171454,
            "SSIM": 0.9399109386096869,
            "SSIM_Skipped_Frames": 0
        },
        "Far_Horizon_t92_t100": {
            "Global_R2": 0.9730179365254019,
            "Per_Timestep_R2": [
                0.9787800638992691,
                0.9774980686078102,
                0.9761567359211053,
                0.9747624797673389,
                0.9733001612890042,
                0.9718211076362063,
                0.9702716619689932,
                0.9685925739233436,
                0.966857519055334
            ],
            "Masked_RMSE": 1.2069206754574953e-07,
            "Unmasked_RMSE": 3.6679936256573216e-08,
            "Avg_Dice": 0.9771815793252119,
            "Dice_Empty_Skipped": 0,
            "Spatial_Correlation": 0.9953611304958911,
            "SSIM": 0.8571580317561133,
            "SSIM_Skipped_Frames": 0
        }
    }
}