{
    "grid": 250,
    "seed": 100,
    "cytokine": "il10",
    "best_params": {
        "filters": 32,
        "lstm_units": 128,
        "learning_rate": 0.0009808865035528388,
        "batch_size": 4
    },
    "optuna_best_val_loss": 0.05768166854977608,
    "train_time_seconds": 43.47,
    "results": {
        "Near_Horizon_t82_t91": {
            "Global_R2": 0.8673694335917891,
            "Per_Timestep_R2": [
                0.8814554711031092,
                0.8763295519286075,
                0.8740396154474886,
                0.8717115971900568,
                0.8689572564520592,
                0.865758966339643,
                0.8628906264735121,
                0.8603328097060868,
                0.8577481698192027,
                0.8551311088017408
            ],
            "Masked_RMSE": 5.544230051993552e-12,
            "Unmasked_RMSE": 1.0258547690859787e-11,
            "Avg_Dice": 0.8280163228656081,
            "Dice_Empty_Skipped": 0,
            "Spatial_Correlation": 0.9319008160848273,
            "SSIM": 0.8148574355993061,
            "SSIM_Skipped_Frames": 0
        },
        "Far_Horizon_t92_t100": {
            "Global_R2": 0.834707342868023,
            "Per_Timestep_R2": [
                0.85179914865613,
                0.8471417146376863,
                0.841775531712786,
                0.8373680713026356,
                0.8338920912527044,
                0.8303604067366369,
                0.8267507803338017,
                0.8233940784594843,
                0.8202900385781198
            ],
            "Masked_RMSE": 5.7904445000262645e-12,
            "Unmasked_RMSE": 1.158280244524139e-11,
            "Avg_Dice": 0.8157955396567522,
            "Dice_Empty_Skipped": 0,
            "Spatial_Correlation": 0.9138806775394007,
            "SSIM": 0.780826132087759,
            "SSIM_Skipped_Frames": 0
        }
    }
}