{
    "grid": 500,
    "seed": 42,
    "cytokine": "il10",
    "best_params": {
        "filters": 32,
        "lstm_units": 64,
        "lr": 0.0009970682275036447,
        "batch_size": 2
    },
    "train_time_seconds": 7660.48,
    "pred_time_seconds": 2.6359,
    "split": {
        "n_train": 140,
        "n_val": 20,
        "n_test": 39
    },
    "results": {
        "Window1_t162_t174": {
            "Global_R2": 0.8683706898263214,
            "Masked_RMSE": 5.092214439718957e-13,
            "Unmasked_RMSE": 1.231360728987153e-12,
            "Avg_Dice": 0.9048979513277214,
            "Dice_Empty_Skipped": 0,
            "Spatial_Correlation": 0.9348257625893504,
            "SSIM": 0.9408037046540934,
            "SSIM_Skipped_Frames": 0
        },
        "Window2_t175_t187": {
            "Global_R2": 0.7721464745544312,
            "Masked_RMSE": 6.430069338253314e-13,
            "Unmasked_RMSE": 1.5660429646025083e-12,
            "Avg_Dice": 0.872444731706966,
            "Dice_Empty_Skipped": 0,
            "Spatial_Correlation": 0.8844659650035214,
            "SSIM": 0.9094270930552817,
            "SSIM_Skipped_Frames": 0
        },
        "Window3_t188_t200": {
            "Global_R2": 0.6594980458445486,
            "Masked_RMSE": 8.839084731988254e-13,
            "Unmasked_RMSE": 1.8600038250906344e-12,
            "Avg_Dice": 0.8469637302118881,
            "Dice_Empty_Skipped": 0,
            "Spatial_Correlation": 0.8247927999566541,
            "SSIM": 0.8754966196804764,
            "SSIM_Skipped_Frames": 0
        }
    }
}