{
    "grid": 100,
    "seed": 1,
    "cytokine": "il8",
    "best_params": {
        "filters": 32,
        "lstm_units": 128,
        "learning_rate": 0.0009307817293627743,
        "batch_size": 4
    },
    "optuna_best_val_loss": 0.014731270261108875,
    "train_time_seconds": 27.71,
    "results": {
        "Near_Horizon_t82_t91": {
            "Global_R2": 0.9747685023757586,
            "Per_Timestep_R2": [
                0.9804851491484329,
                0.9794846691898161,
                0.9783485323630814,
                0.9771713001090431,
                0.9760083384106963,
                0.9748774478214054,
                0.9731991271558119,
                0.9713343573197122,
                0.9694536279004955,
                0.9685519003745575
            ],
            "Masked_RMSE": 1.0845329796852023e-07,
            "Unmasked_RMSE": 3.365594364524374e-08,
            "Avg_Dice": 0.9490773995664519,
            "Dice_Empty_Skipped": 0,
            "Spatial_Correlation": 0.9888932908505018,
            "SSIM": 0.9078860549651445,
            "SSIM_Skipped_Frames": 0
        },
        "Far_Horizon_t92_t100": {
            "Global_R2": 0.9539767986524625,
            "Per_Timestep_R2": [
                0.967084375837437,
                0.9645986993837781,
                0.9617151817391487,
                0.9582918424576352,
                0.9548501165310381,
                0.9513120160713442,
                0.9472033524985891,
                0.9432955781755632,
                0.9395505171355809
            ],
            "Masked_RMSE": 1.3338723726200888e-07,
            "Unmasked_RMSE": 4.790484119227531e-08,
            "Avg_Dice": 0.934161316241211,
            "Dice_Empty_Skipped": 0,
            "Spatial_Correlation": 0.9842476996284354,
            "SSIM": 0.8098361153697159,
            "SSIM_Skipped_Frames": 0
        }
    }
}