{
    "grid": 50,
    "seed": 42,
    "cytokine": "il10",
    "best_params": {
        "filters": 64,
        "lstm_units": 256,
        "learning_rate": 0.0005123213975736299,
        "batch_size": 4
    },
    "optuna_best_val_loss": 0.024726320058107376,
    "results": {
        "Near_Horizon_t82_t91": {
            "Global_R2": 0.5560145307753166,
            "Per_Timestep_R2": [
                0.5872874776604315,
                0.5853436040926077,
                0.554933948053695,
                0.5525329025285859,
                0.5500235234700676,
                0.5474117358811841,
                0.5483329933909237,
                0.5461647832609111,
                0.5443409853896118,
                0.5424073889676801
            ],
            "Masked_RMSE": 1.2000799987153143e-09,
            "Unmasked_RMSE": 5.643418792115595e-09,
            "Avg_Dice": 0.5685813667504606,
            "Dice_Empty_Skipped": 0,
            "Spatial_Correlation": 0.747135678161315,
            "SSIM": 0.6329770641943158,
            "SSIM_Skipped_Frames": 0
        },
        "Far_Horizon_t92_t100": {
            "Global_R2": 0.4793578945386324,
            "Per_Timestep_R2": [
                0.5406136103056245,
                0.5112109970637205,
                0.4837869882201983,
                0.4692401398212477,
                0.46692738342356643,
                0.46451703177430437,
                0.46241346170558506,
                0.460211005953963,
                0.4579051248698658
            ],
            "Masked_RMSE": 2.4900199487998987e-09,
            "Unmasked_RMSE": 6.0788153347682326e-09,
            "Avg_Dice": 0.5551290384597904,
            "Dice_Empty_Skipped": 0,
            "Spatial_Correlation": 0.6991726330251107,
            "SSIM": 0.5920859900668698,
            "SSIM_Skipped_Frames": 0
        }
    }
}