{
    "grid": 100,
    "seed": 100,
    "cytokine": "il10",
    "best_params": {
        "filters": 32,
        "lstm_units": 128,
        "learning_rate": 0.0009307817293627743,
        "batch_size": 4
    },
    "optuna_best_val_loss": 0.020188329741358757,
    "train_time_seconds": 25.37,
    "results": {
        "Near_Horizon_t82_t91": {
            "Global_R2": 0.6118332727991582,
            "Per_Timestep_R2": [
                0.6544205307552504,
                0.6448261795713642,
                0.6346841766446361,
                0.6241669081213583,
                0.6198318573651916,
                0.6090719719791096,
                0.5921274475447744,
                0.5871938341915475,
                0.5762780884126406,
                0.571355433188296
            ],
            "Masked_RMSE": 3.0011255692615987e-10,
            "Unmasked_RMSE": 9.024403198642988e-10,
            "Avg_Dice": 0.9004180937881872,
            "Dice_Empty_Skipped": 0,
            "Spatial_Correlation": 0.7877041148121866,
            "SSIM": 0.7349948372671745,
            "SSIM_Skipped_Frames": 0
        },
        "Far_Horizon_t92_t100": {
            "Global_R2": 0.5006296373172545,
            "Per_Timestep_R2": [
                0.5550552417212047,
                0.5443958053008334,
                0.5125866557511243,
                0.5072012194828635,
                0.4915073512039859,
                0.4858764422725558,
                0.48008768357003173,
                0.4695786980221466,
                0.4590349872189572
            ],
            "Masked_RMSE": 3.4519983767872324e-10,
            "Unmasked_RMSE": 1.0149506531633313e-09,
            "Avg_Dice": 0.8718924696336332,
            "Dice_Empty_Skipped": 0,
            "Spatial_Correlation": 0.7255371673437641,
            "SSIM": 0.6930577448999033,
            "SSIM_Skipped_Frames": 0
        }
    }
}