{
    "grid": 250,
    "seed": 100,
    "cytokine": "il8",
    "best_params": {
        "filters": 32,
        "lstm_units": 256,
        "learning_rate": 0.00022563125582048365,
        "batch_size": 4
    },
    "optuna_best_val_loss": 0.018300743773579597,
    "train_time_seconds": 47.09,
    "results": {
        "Near_Horizon_t82_t91": {
            "Global_R2": 0.9572586035147161,
            "Per_Timestep_R2": [
                0.9665426968661066,
                0.9646620072599,
                0.9627693393109591,
                0.9608850298271852,
                0.9588542193131324,
                0.9567295851269929,
                0.9545574847746565,
                0.9522690797681508,
                0.9499303520507639,
                0.9475097502779741
            ],
            "Masked_RMSE": 1.2417267850781032e-08,
            "Unmasked_RMSE": 2.0212537194680292e-09,
            "Avg_Dice": 0.9851782316532891,
            "Dice_Empty_Skipped": 0,
            "Spatial_Correlation": 0.9907893629960376,
            "SSIM": 0.8784099617614768,
            "SSIM_Skipped_Frames": 0
        },
        "Far_Horizon_t92_t100": {
            "Global_R2": 0.9351335765500094,
            "Per_Timestep_R2": [
                0.9449989845202984,
                0.9425788001723163,
                0.9400996302042495,
                0.9376928796745829,
                0.9353600734259178,
                0.932953277346137,
                0.9304953819815317,
                0.9280018248913132,
                0.9255625202468655
            ],
            "Masked_RMSE": 1.3884098902934399e-08,
            "Unmasked_RMSE": 2.6515195079006756e-09,
            "Avg_Dice": 0.985451829173242,
            "Dice_Empty_Skipped": 0,
            "Spatial_Correlation": 0.9897677383561871,
            "SSIM": 0.8268396132519994,
            "SSIM_Skipped_Frames": 0
        }
    }
}