{
    "grid": 500,
    "seed": 100,
    "cytokine": "il8",
    "best_params": {
        "filters": 64,
        "lstm_units": 64,
        "lr": 0.000472563056624969,
        "batch_size": 2
    },
    "train_time_seconds": 3283.5,
    "pred_time_seconds": 2.9312,
    "split": {
        "n_train": 140,
        "n_val": 20,
        "n_test": 39
    },
    "results": {
        "Window1_t162_t174": {
            "Global_R2": 0.9945277769398637,
            "Masked_RMSE": 6.984466252718372e-10,
            "Unmasked_RMSE": 1.1458127903913065e-10,
            "Avg_Dice": 0.9960536184507341,
            "Dice_Empty_Skipped": 0,
            "Spatial_Correlation": 0.9987904909520904,
            "SSIM": 0.9366866960115077,
            "SSIM_Skipped_Frames": 0
        },
        "Window2_t175_t187": {
            "Global_R2": 0.989578021988884,
            "Masked_RMSE": 8.340820614807931e-10,
            "Unmasked_RMSE": 1.6515275339651127e-10,
            "Avg_Dice": 0.9936740194279567,
            "Dice_Empty_Skipped": 0,
            "Spatial_Correlation": 0.9982988785309774,
            "SSIM": 0.9050618042814081,
            "SSIM_Skipped_Frames": 0
        },
        "Window3_t188_t200": {
            "Global_R2": 0.9823475906172768,
            "Masked_RMSE": 9.657377621757054e-10,
            "Unmasked_RMSE": 2.2361776477881172e-10,
            "Avg_Dice": 0.990926285386567,
            "Dice_Empty_Skipped": 0,
            "Spatial_Correlation": 0.9977645812825343,
            "SSIM": 0.8825850910366367,
            "SSIM_Skipped_Frames": 0
        }
    }
}