{
    "grid": 100,
    "seed": 100,
    "cytokine": "il8",
    "best_params": {
        "filters": 32,
        "lstm_units": 128,
        "learning_rate": 0.0009307817293627743,
        "batch_size": 4
    },
    "optuna_best_val_loss": 0.014731270261108875,
    "train_time_seconds": 31.3,
    "results": {
        "Near_Horizon_t82_t91": {
            "Global_R2": 0.9765943829473444,
            "Per_Timestep_R2": [
                0.9806774577878962,
                0.9799218844020532,
                0.9791111228765349,
                0.9782588752654525,
                0.97735733423408,
                0.9764471617665729,
                0.9754021267429528,
                0.974268678181988,
                0.9731539153379946,
                0.9721821484921902
            ],
            "Masked_RMSE": 1.1505971493541057e-07,
            "Unmasked_RMSE": 3.241531937416595e-08,
            "Avg_Dice": 0.9575685152827402,
            "Dice_Empty_Skipped": 0,
            "Spatial_Correlation": 0.9915134684857795,
            "SSIM": 0.8707222482102379,
            "SSIM_Skipped_Frames": 0
        },
        "Far_Horizon_t92_t100": {
            "Global_R2": 0.9645670352675662,
            "Per_Timestep_R2": [
                0.9710834800110253,
                0.9697312689864843,
                0.968265917582606,
                0.9666376566226381,
                0.9649671201078373,
                0.9632326118751842,
                0.961281687280477,
                0.959385713960556,
                0.9575207781396299
            ],
            "Masked_RMSE": 1.357579025547845e-07,
            "Unmasked_RMSE": 4.203342107781257e-08,
            "Avg_Dice": 0.9472629483001794,
            "Dice_Empty_Skipped": 0,
            "Spatial_Correlation": 0.9895279904548421,
            "SSIM": 0.8004170313536879,
            "SSIM_Skipped_Frames": 0
        }
    }
}