{
    "grid": 250,
    "seed": 42,
    "cytokine": "il10",
    "best_params": {
        "filters": 32,
        "lstm_units": 128,
        "learning_rate": 0.0009808865035528388,
        "batch_size": 4
    },
    "optuna_best_val_loss": 0.05768166854977608,
    "train_time_seconds": 41.7,
    "results": {
        "Near_Horizon_t82_t91": {
            "Global_R2": 0.8946554756716986,
            "Per_Timestep_R2": [
                0.9092620054543349,
                0.9040179769916767,
                0.9016535195051016,
                0.8992185238877818,
                0.896346431201286,
                0.8930065402360481,
                0.8900068800906968,
                0.8873112028036936,
                0.8845787552390504,
                0.8818468212100274
            ],
            "Masked_RMSE": 5.3534796633202034e-12,
            "Unmasked_RMSE": 9.142607022637438e-12,
            "Avg_Dice": 0.7923113636592238,
            "Dice_Empty_Skipped": 0,
            "Spatial_Correlation": 0.9467884904610631,
            "SSIM": 0.7837759573038149,
            "SSIM_Skipped_Frames": 0
        },
        "Far_Horizon_t92_t100": {
            "Global_R2": 0.8603409640997763,
            "Per_Timestep_R2": [
                0.878338213508943,
                0.8734085678533436,
                0.8677795004078879,
                0.8631785126585666,
                0.8595065008588274,
                0.855782352269171,
                0.8519671911296766,
                0.8484177201930756,
                0.8451207133283329
            ],
            "Masked_RMSE": 5.471951627944176e-12,
            "Unmasked_RMSE": 1.0646856200538698e-11,
            "Avg_Dice": 0.7843292707059236,
            "Dice_Empty_Skipped": 0,
            "Spatial_Correlation": 0.9281098179868362,
            "SSIM": 0.7387334728458448,
            "SSIM_Skipped_Frames": 0
        }
    }
}