{
    "grid": 250,
    "seed": 1,
    "cytokine": "il10",
    "best_params": {
        "filters": 32,
        "lstm_units": 128,
        "learning_rate": 0.0009808865035528388,
        "batch_size": 4
    },
    "optuna_best_val_loss": 0.05768166854977608,
    "train_time_seconds": 44.34,
    "results": {
        "Near_Horizon_t82_t91": {
            "Global_R2": 0.9107397741371601,
            "Per_Timestep_R2": [
                0.9248339479870655,
                0.9196749117339392,
                0.9174739288377596,
                0.9151876394128432,
                0.9124162830749163,
                0.9091846807898285,
                0.9062729119181923,
                0.9036732147064372,
                0.9010292193570908,
                0.8983216199734891
            ],
            "Masked_RMSE": 5.150825014416899e-12,
            "Unmasked_RMSE": 8.415754545736466e-12,
            "Avg_Dice": 0.7925182524663362,
            "Dice_Empty_Skipped": 0,
            "Spatial_Correlation": 0.9553340404439022,
            "SSIM": 0.778949754576429,
            "SSIM_Skipped_Frames": 0
        },
        "Far_Horizon_t92_t100": {
            "Global_R2": 0.8769833089533688,
            "Per_Timestep_R2": [
                0.8948533517375717,
                0.8900054174255027,
                0.8843981188364988,
                0.8797648678815682,
                0.8761507376482232,
                0.8724435240483011,
                0.8686555420069032,
                0.8651247767763304,
                0.8618830250765699
            ],
            "Masked_RMSE": 5.242456392684901e-12,
            "Unmasked_RMSE": 9.992378794723199e-12,
            "Avg_Dice": 0.7857821320773437,
            "Dice_Empty_Skipped": 0,
            "Spatial_Correlation": 0.9372364017790151,
            "SSIM": 0.7349269682153662,
            "SSIM_Skipped_Frames": 0
        }
    }
}