{
    "grid": 250,
    "seed": 100,
    "cytokine": "il8",
    "best_params": {
        "filters": 32,
        "lstm_units": 256,
        "learning_rate": 0.00022563125582048365,
        "batch_size": 4
    },
    "optuna_best_val_loss": 0.018296144902706146,
    "train_time_seconds": 47.9,
    "results": {
        "Near_Horizon_t82_t91": {
            "Global_R2": 0.9696401805841421,
            "Per_Timestep_R2": [
                0.977354431285551,
                0.97585700951922,
                0.9743102509625994,
                0.9727487798503374,
                0.9710489126986688,
                0.9692541227888317,
                0.9674043127195452,
                0.9654522158551174,
                0.9634481238830084,
                0.9613525640656688
            ],
            "Masked_RMSE": 1.0562462461733992e-08,
            "Unmasked_RMSE": 1.7035154244396655e-09,
            "Avg_Dice": 0.988340980449202,
            "Dice_Empty_Skipped": 0,
            "Spatial_Correlation": 0.9928892554538106,
            "SSIM": 0.8918422230803195,
            "SSIM_Skipped_Frames": 0
        },
        "Far_Horizon_t92_t100": {
            "Global_R2": 0.9503544817733813,
            "Per_Timestep_R2": [
                0.9591510193998608,
                0.9569932109120373,
                0.9548284239690052,
                0.9527030768886062,
                0.9505995686112473,
                0.9484227311425072,
                0.9462051139345111,
                0.9439691749781715,
                0.9417357216874147
            ],
            "Masked_RMSE": 1.2003706341591399e-08,
            "Unmasked_RMSE": 2.3196628889174204e-09,
            "Avg_Dice": 0.9881793849297917,
            "Dice_Empty_Skipped": 0,
            "Spatial_Correlation": 0.9918276371655043,
            "SSIM": 0.8351120061799546,
            "SSIM_Skipped_Frames": 0
        }
    }
}