{
    "grid": 100,
    "seed": 100,
    "cytokine": "il10",
    "best_params": {
        "filters": 64,
        "lstm_units": 256,
        "learning_rate": 0.0009764261481988684,
        "batch_size": 4
    },
    "optuna_best_val_loss": 0.0118068503215909,
    "train_time_seconds": 17.14,
    "results": {
        "Near_Horizon_t82_t91": {
            "Global_R2": 0.6268144264270965,
            "Per_Timestep_R2": [
                0.6708382571035005,
                0.660415120858888,
                0.649829680570544,
                0.6391649172506507,
                0.6347497764758294,
                0.623849907242807,
                0.6067973101027886,
                0.601774982509123,
                0.5906319569117134,
                0.5856264183668644
            ],
            "Masked_RMSE": 2.721396307937191e-10,
            "Unmasked_RMSE": 8.848542907621692e-10,
            "Avg_Dice": 0.9428440120795308,
            "Dice_Empty_Skipped": 0,
            "Spatial_Correlation": 0.7976866957407652,
            "SSIM": 0.8525274248139176,
            "SSIM_Skipped_Frames": 0
        },
        "Far_Horizon_t92_t100": {
            "Global_R2": 0.512667696494176,
            "Per_Timestep_R2": [
                0.5687156535658867,
                0.5578669345952332,
                0.524786446762835,
                0.5192978172973204,
                0.5032522478912521,
                0.4975263883607365,
                0.49163653251771733,
                0.4807062996876841,
                0.46987824973775727
            ],
            "Masked_RMSE": 3.186828790008882e-10,
            "Unmasked_RMSE": 1.0026425833305942e-09,
            "Avg_Dice": 0.9131611756497454,
            "Dice_Empty_Skipped": 0,
            "Spatial_Correlation": 0.7349676241910507,
            "SSIM": 0.8123734847697031,
            "SSIM_Skipped_Frames": 0
        }
    }
}