{
    "grid": 100,
    "seed": 1,
    "cytokine": "il10",
    "best_params": {
        "filters": 32,
        "lstm_units": 128,
        "learning_rate": 0.0009307817293627743,
        "batch_size": 4
    },
    "optuna_best_val_loss": 0.020188329741358757,
    "train_time_seconds": 23.73,
    "results": {
        "Near_Horizon_t82_t91": {
            "Global_R2": 0.6091922932175673,
            "Per_Timestep_R2": [
                0.6519401224832047,
                0.6420321962824611,
                0.631701260963608,
                0.6212313328650072,
                0.6169086430528354,
                0.6063828379092142,
                0.5895062327016408,
                0.5845978951150159,
                0.5740842100770278,
                0.5691911706921362
            ],
            "Masked_RMSE": 3.178971103321744e-10,
            "Unmasked_RMSE": 9.055050935165371e-10,
            "Avg_Dice": 0.8796284023392611,
            "Dice_Empty_Skipped": 0,
            "Spatial_Correlation": 0.7860504105993307,
            "SSIM": 0.6945195327998883,
            "SSIM_Skipped_Frames": 0
        },
        "Far_Horizon_t92_t100": {
            "Global_R2": 0.49893078752835107,
            "Per_Timestep_R2": [
                0.5529645127479128,
                0.5423157288360073,
                0.5108708916092484,
                0.5055206578539055,
                0.4899845540963217,
                0.4843939460619008,
                0.47865297326886835,
                0.46794882943276606,
                0.45737464344471446
            ],
            "Masked_RMSE": 3.6203231136242664e-10,
            "Unmasked_RMSE": 1.0166756100834e-09,
            "Avg_Dice": 0.8537358221740756,
            "Dice_Empty_Skipped": 0,
            "Spatial_Correlation": 0.7240017072787953,
            "SSIM": 0.6605214274509558,
            "SSIM_Skipped_Frames": 0
        }
    }
}