{
    "grid": 250,
    "seed": 1,
    "cytokine": "il8",
    "best_params": {
        "filters": 64,
        "lstm_units": 128,
        "learning_rate": 0.00024246286430387818,
        "batch_size": 8
    },
    "optuna_best_val_loss": 0.020347896963357925,
    "train_time_seconds": 10.22,
    "results": {
        "Near_Horizon_t82_t91": {
            "Global_R2": 0.6353012261436819,
            "Per_Timestep_R2": [
                0.6446890304654961,
                0.6430798246476007,
                0.6412728041562161,
                0.6392722550635307,
                0.6371019910856691,
                0.6347734999652324,
                0.632284362190463,
                0.6296552598973798,
                0.6268905987211424,
                0.6239931201926741
            ],
            "Masked_RMSE": 2.2707080143555946e-08,
            "Unmasked_RMSE": 5.9042349307616375e-09,
            "Avg_Dice": 0.8289287423474745,
            "Dice_Empty_Skipped": 0,
            "Spatial_Correlation": 0.8263811469345466,
            "SSIM": 0.4762708444765681,
            "SSIM_Skipped_Frames": 0
        },
        "Far_Horizon_t92_t100": {
            "Global_R2": 0.6075026915376768,
            "Per_Timestep_R2": [
                0.6209741536038581,
                0.6178496883587512,
                0.6146175591577626,
                0.611283200468062,
                0.6078758804940891,
                0.6043768223407908,
                0.6008077755258621,
                0.5971607814413317,
                0.5934474578225017
            ],
            "Masked_RMSE": 2.4397556211788375e-08,
            "Unmasked_RMSE": 6.522336358662139e-09,
            "Avg_Dice": 0.8347956882321854,
            "Dice_Empty_Skipped": 0,
            "Spatial_Correlation": 0.8242451504548959,
            "SSIM": 0.47220626340860633,
            "SSIM_Skipped_Frames": 0
        }
    }
}