{
    "grid": 100,
    "seed": 42,
    "cytokine": "il10",
    "best_params": {
        "filters": 32,
        "lstm_units": 128,
        "learning_rate": 0.0009307817293627743,
        "batch_size": 4
    },
    "optuna_best_val_loss": 0.02036166563630104,
    "train_time_seconds": 27.83,
    "results": {
        "Near_Horizon_t82_t91": {
            "Global_R2": 0.6477202085885411,
            "Per_Timestep_R2": [
                0.7233493736942995,
                0.7067851842949786,
                0.6890228151656085,
                0.6715418602156668,
                0.6601096103567605,
                0.6421758068713498,
                0.6170671960943339,
                0.6031109120431636,
                0.5832349910476435,
                0.5728599099896279
            ],
            "Masked_RMSE": 3.6938265335435236e-10,
            "Unmasked_RMSE": 8.59712424368286e-10,
            "Avg_Dice": 0.3642730907075178,
            "Dice_Empty_Skipped": 0,
            "Spatial_Correlation": 0.844972684862109,
            "SSIM": 0.4521926013438156,
            "SSIM_Skipped_Frames": 0
        },
        "Far_Horizon_t92_t100": {
            "Global_R2": 0.46010061452529294,
            "Per_Timestep_R2": [
                0.5512547027126108,
                0.5309466132141659,
                0.49293878458857965,
                0.4775038509813978,
                0.45332649601509745,
                0.4362319620833267,
                0.4188183908148302,
                0.398906359206077,
                0.3795370355008786
            ],
            "Masked_RMSE": 5.108378896957857e-10,
            "Unmasked_RMSE": 1.055334077694014e-09,
            "Avg_Dice": 0.202853704847508,
            "Dice_Empty_Skipped": 0,
            "Spatial_Correlation": 0.7757973395482592,
            "SSIM": 0.3459171962726373,
            "SSIM_Skipped_Frames": 0
        }
    }
}