{
    "grid": 500,
    "seed": 100,
    "cytokine": "il10",
    "best_params": {
        "filters": 64,
        "lstm_units": 128,
        "lr": 0.0009753689365150608,
        "batch_size": 2
    },
    "train_time_seconds": 10794.19,
    "pred_time_seconds": 3.5168,
    "split": {
        "n_train": 140,
        "n_val": 20,
        "n_test": 39
    },
    "results": {
        "Window1_t162_t174": {
            "Global_R2": 0.8611920003100749,
            "Masked_RMSE": 5.51313400472622e-13,
            "Unmasked_RMSE": 1.2644924599976932e-12,
            "Avg_Dice": 0.9291791106008094,
            "Dice_Empty_Skipped": 0,
            "Spatial_Correlation": 0.9367598752139554,
            "SSIM": 0.9433772247606527,
            "SSIM_Skipped_Frames": 0
        },
        "Window2_t175_t187": {
            "Global_R2": 0.7505592444199887,
            "Masked_RMSE": 7.338598164045631e-13,
            "Unmasked_RMSE": 1.6385492638893249e-12,
            "Avg_Dice": 0.9088881024032763,
            "Dice_Empty_Skipped": 0,
            "Spatial_Correlation": 0.8879828978826861,
            "SSIM": 0.9101024486169197,
            "SSIM_Skipped_Frames": 0
        },
        "Window3_t188_t200": {
            "Global_R2": 0.617208642087246,
            "Masked_RMSE": 1.003555276296156e-12,
            "Unmasked_RMSE": 1.9721279818008864e-12,
            "Avg_Dice": 0.8905353771829058,
            "Dice_Empty_Skipped": 0,
            "Spatial_Correlation": 0.8300015603899807,
            "SSIM": 0.8720288613284635,
            "SSIM_Skipped_Frames": 0
        }
    }
}