{
    "grid": 50,
    "seed": 42,
    "cytokine": "il8",
    "best_params": {
        "filters": 32,
        "lstm_units": 128,
        "learning_rate": 0.0009970682275036447,
        "batch_size": 4
    },
    "optuna_best_val_loss": 0.02808799222111702,
    "results": {
        "Near_Horizon_t82_t91": {
            "Global_R2": 0.9566600602447579,
            "Per_Timestep_R2": [
                0.9607924909358695,
                0.9600199566150508,
                0.9591831388979101,
                0.9583269053898592,
                0.9574138535501463,
                0.9564358689903246,
                0.9554405071256525,
                0.9543713772065369,
                0.9532814637331207,
                0.952123379065211
            ],
            "Masked_RMSE": 1.5936296638559789e-06,
            "Unmasked_RMSE": 4.63352147271811e-07,
            "Avg_Dice": 0.9088084807570722,
            "Dice_Empty_Skipped": 0,
            "Spatial_Correlation": 0.982233849440068,
            "SSIM": 0.9128422189332814,
            "SSIM_Skipped_Frames": 0
        },
        "Far_Horizon_t92_t100": {
            "Global_R2": 0.9454515508044219,
            "Per_Timestep_R2": [
                0.9509903231776213,
                0.9497067755170621,
                0.9484710743374215,
                0.9470892068338873,
                0.9456866307394614,
                0.9442307253722915,
                0.9427613889574056,
                0.9412473612879698,
                0.9396497197228175
            ],
            "Masked_RMSE": 1.8707237060972169e-06,
            "Unmasked_RMSE": 5.460890478912675e-07,
            "Avg_Dice": 0.8935307181337553,
            "Dice_Empty_Skipped": 0,
            "Spatial_Correlation": 0.9804939493843368,
            "SSIM": 0.8682248691544652,
            "SSIM_Skipped_Frames": 0
        }
    }
}