{
    "grid": 100,
    "seed": 42,
    "cytokine": "il8",
    "best_params": {
        "filters": 32,
        "lstm_units": 128,
        "learning_rate": 0.0009307817293627743,
        "batch_size": 4
    },
    "optuna_best_val_loss": 0.014736421406269073,
    "train_time_seconds": 22.26,
    "results": {
        "Near_Horizon_t82_t91": {
            "Global_R2": 0.959490893775461,
            "Per_Timestep_R2": [
                0.9734482419077516,
                0.9715335636255162,
                0.9690919264396121,
                0.9663500284281159,
                0.9633733271174683,
                0.9602211388297145,
                0.9561049078287214,
                0.9508945902799758,
                0.9455007102240387,
                0.9417118376290283
            ],
            "Masked_RMSE": 1.643342815872464e-07,
            "Unmasked_RMSE": 4.264484968288255e-08,
            "Avg_Dice": 0.9373571770948426,
            "Dice_Empty_Skipped": 0,
            "Spatial_Correlation": 0.9863465269974089,
            "SSIM": 0.8318230017803971,
            "SSIM_Skipped_Frames": 0
        },
        "Far_Horizon_t92_t100": {
            "Global_R2": 0.9015260087532555,
            "Per_Timestep_R2": [
                0.9381208109171857,
                0.9316442634669069,
                0.9238080311168343,
                0.9151832820113875,
                0.9053161662934769,
                0.8945211574932234,
                0.882363938558116,
                0.8702529097791145,
                0.8586828788880835
            ],
            "Masked_RMSE": 1.987618256561033e-07,
            "Unmasked_RMSE": 7.007316968533176e-08,
            "Avg_Dice": 0.8736906498657584,
            "Dice_Empty_Skipped": 0,
            "Spatial_Correlation": 0.9806294282150262,
            "SSIM": 0.7172851739720176,
            "SSIM_Skipped_Frames": 0
        }
    }
}