{
    "grid": 250,
    "seed": 1,
    "cytokine": "il8",
    "best_params": {
        "filters": 32,
        "lstm_units": 256,
        "learning_rate": 0.00022563125582048365,
        "batch_size": 4
    },
    "optuna_best_val_loss": 0.018296144902706146,
    "train_time_seconds": 47.42,
    "results": {
        "Near_Horizon_t82_t91": {
            "Global_R2": 0.9557558186803441,
            "Per_Timestep_R2": [
                0.9624977632272619,
                0.9611440480267108,
                0.9597553019422509,
                0.9583425574598048,
                0.9568609581194649,
                0.955326321456481,
                0.9537582544564414,
                0.9521289720923781,
                0.9504622680657229,
                0.9487232361180885
            ],
            "Masked_RMSE": 1.3506640912274508e-08,
            "Unmasked_RMSE": 2.0564803303773626e-09,
            "Avg_Dice": 0.9842854244786526,
            "Dice_Empty_Skipped": 0,
            "Spatial_Correlation": 0.9876754055145776,
            "SSIM": 0.7909030850507868,
            "SSIM_Skipped_Frames": 0
        },
        "Far_Horizon_t92_t100": {
            "Global_R2": 0.9395112814270498,
            "Per_Timestep_R2": [
                0.9469822139804457,
                0.9452328710357032,
                0.9434262971366884,
                0.9415971105077678,
                0.9397441569809052,
                0.9378544720019175,
                0.935934890900969,
                0.9339859421016556,
                0.9319897051410523
            ],
            "Masked_RMSE": 1.4778296952226189e-08,
            "Unmasked_RMSE": 2.5604838587868384e-09,
            "Avg_Dice": 0.9731534555862553,
            "Dice_Empty_Skipped": 0,
            "Spatial_Correlation": 0.9866607958303572,
            "SSIM": 0.7551841068978173,
            "SSIM_Skipped_Frames": 0
        }
    }
}