{
    "grid": 100,
    "seed": 1,
    "cytokine": "il10",
    "best_params": {
        "filters": 32,
        "lstm_units": 128,
        "learning_rate": 0.0009307817293627743,
        "batch_size": 4
    },
    "optuna_best_val_loss": 0.02036166563630104,
    "train_time_seconds": 23.62,
    "results": {
        "Near_Horizon_t82_t91": {
            "Global_R2": 0.610118026534107,
            "Per_Timestep_R2": [
                0.6524262658521038,
                0.6426243074644289,
                0.6323370621459101,
                0.6222255440438351,
                0.6179387007775063,
                0.6074891144521274,
                0.5906269621888474,
                0.5857550096256625,
                0.5751522668275534,
                0.5702916477881477
            ],
            "Masked_RMSE": 3.0526388109523434e-10,
            "Unmasked_RMSE": 9.044319913021528e-10,
            "Avg_Dice": 0.8726076552781736,
            "Dice_Empty_Skipped": 0,
            "Spatial_Correlation": 0.7864554110046852,
            "SSIM": 0.6951813212024495,
            "SSIM_Skipped_Frames": 0
        },
        "Far_Horizon_t92_t100": {
            "Global_R2": 0.4997981782152623,
            "Per_Timestep_R2": [
                0.5537982705084457,
                0.5435449776057075,
                0.5115690540149265,
                0.5062485512947368,
                0.4908038732318445,
                0.4852412777837275,
                0.47952507495501284,
                0.4688363477952342,
                0.45827703386258634
            ],
            "Masked_RMSE": 3.504580264859045e-10,
            "Unmasked_RMSE": 1.015795255728354e-09,
            "Avg_Dice": 0.8471205416134548,
            "Dice_Empty_Skipped": 0,
            "Spatial_Correlation": 0.7242663982120268,
            "SSIM": 0.6629555783379638,
            "SSIM_Skipped_Frames": 0
        }
    }
}