{
    "grid": 250,
    "seed": 42,
    "cytokine": "il10",
    "best_params": {
        "filters": 32,
        "lstm_units": 128,
        "learning_rate": 0.0009808865035528388,
        "batch_size": 4
    },
    "optuna_best_val_loss": 0.05759163945913315,
    "train_time_seconds": 30.95,
    "results": {
        "Near_Horizon_t82_t91": {
            "Global_R2": 0.8953963599366971,
            "Per_Timestep_R2": [
                0.9102306322122384,
                0.904898649951041,
                0.9024890651555303,
                0.9000152096530672,
                0.8971130774001348,
                0.8937281136268517,
                0.890675056986623,
                0.8879429468813395,
                0.8851809050315365,
                0.8823944911237903
            ],
            "Masked_RMSE": 6.334404697331718e-12,
            "Unmasked_RMSE": 9.11040048206003e-12,
            "Avg_Dice": 0.8005235407832438,
            "Dice_Empty_Skipped": 0,
            "Spatial_Correlation": 0.9473128680828429,
            "SSIM": 0.7985533197034934,
            "SSIM_Skipped_Frames": 0
        },
        "Far_Horizon_t92_t100": {
            "Global_R2": 0.8608074440316944,
            "Per_Timestep_R2": [
                0.8788541540103293,
                0.8739235224458365,
                0.8682842148427127,
                0.8636307808020657,
                0.8599819329690829,
                0.8562408772540939,
                0.8524154591983071,
                0.8488322635491785,
                0.8455358619524308
            ],
            "Masked_RMSE": 6.512704519007067e-12,
            "Unmasked_RMSE": 1.0629060363356516e-11,
            "Avg_Dice": 0.7919379361393466,
            "Dice_Empty_Skipped": 0,
            "Spatial_Correlation": 0.9284831756524429,
            "SSIM": 0.7579902471889841,
            "SSIM_Skipped_Frames": 0
        }
    }
}