{
    "grid": 250,
    "seed": 42,
    "cytokine": "il8",
    "best_params": {
        "filters": 32,
        "lstm_units": 256,
        "learning_rate": 0.00022563125582048365,
        "batch_size": 4
    },
    "optuna_best_val_loss": 0.018300743773579597,
    "train_time_seconds": 41.77,
    "results": {
        "Near_Horizon_t82_t91": {
            "Global_R2": 0.9637619785637739,
            "Per_Timestep_R2": [
                0.9705503129547945,
                0.9692563973955263,
                0.9679340150490512,
                0.9665608659524086,
                0.9650654076739014,
                0.9634761084874813,
                0.9617961873479126,
                0.9600383966080774,
                0.9582120436949612,
                0.9562920483292163
            ],
            "Masked_RMSE": 1.3139866526883966e-08,
            "Unmasked_RMSE": 1.8611386022893092e-09,
            "Avg_Dice": 0.985541685461261,
            "Dice_Empty_Skipped": 0,
            "Spatial_Correlation": 0.9909653033297805,
            "SSIM": 0.949106549016145,
            "SSIM_Skipped_Frames": 0
        },
        "Far_Horizon_t92_t100": {
            "Global_R2": 0.9458557349880318,
            "Per_Timestep_R2": [
                0.9542707227066568,
                0.9522906297597401,
                0.9502434797308688,
                0.948209434454707,
                0.9461653406570274,
                0.9440094740689093,
                0.9418310980544717,
                0.9396376243747332,
                0.937394381951152
            ],
            "Masked_RMSE": 1.4599483883448615e-08,
            "Unmasked_RMSE": 2.422484916524397e-09,
            "Avg_Dice": 0.982418407020854,
            "Dice_Empty_Skipped": 0,
            "Spatial_Correlation": 0.9905430731873478,
            "SSIM": 0.92670599111148,
            "SSIM_Skipped_Frames": 0
        }
    }
}