{
    "grid": 100,
    "seed": 100,
    "cytokine": "il10",
    "best_params": {
        "filters": 32,
        "lstm_units": 128,
        "learning_rate": 0.0009307817293627743,
        "batch_size": 4
    },
    "optuna_best_val_loss": 0.02036166563630104,
    "train_time_seconds": 20.25,
    "results": {
        "Near_Horizon_t82_t91": {
            "Global_R2": 0.6102545081584223,
            "Per_Timestep_R2": [
                0.6528327095781453,
                0.6428633841545001,
                0.6327167281341886,
                0.6222874520859194,
                0.618018068797085,
                0.6073435858699849,
                0.5906728410697186,
                0.5858140053654182,
                0.5752570267563021,
                0.5704100790237051
            ],
            "Masked_RMSE": 2.8248363619730304e-10,
            "Unmasked_RMSE": 9.042736752472707e-10,
            "Avg_Dice": 0.8041802511231589,
            "Dice_Empty_Skipped": 0,
            "Spatial_Correlation": 0.7863784636692106,
            "SSIM": 0.7184023290570776,
            "SSIM_Skipped_Frames": 0
        },
        "Far_Horizon_t92_t100": {
            "Global_R2": 0.500320238304657,
            "Per_Timestep_R2": [
                0.5545299496981317,
                0.5439131386152196,
                0.5120201703198354,
                0.5067114248991605,
                0.49122290122787293,
                0.485671732994142,
                0.47996221041460807,
                0.4695381541437863,
                0.45898162633513273
            ],
            "Masked_RMSE": 3.2693947722780677e-10,
            "Unmasked_RMSE": 1.0152650251482614e-09,
            "Avg_Dice": 0.7767371597564106,
            "Dice_Empty_Skipped": 0,
            "Spatial_Correlation": 0.7244564359390671,
            "SSIM": 0.6764725658730621,
            "SSIM_Skipped_Frames": 0
        }
    }
}