{
    "grid": 250,
    "seed": 100,
    "cytokine": "il10",
    "best_params": {
        "filters": 64,
        "lstm_units": 256,
        "learning_rate": 0.0009812514374749372,
        "batch_size": 4
    },
    "optuna_best_val_loss": 0.045608118176460266,
    "train_time_seconds": 64.99,
    "results": {
        "Near_Horizon_t82_t91": {
            "Global_R2": 0.9388308625673618,
            "Per_Timestep_R2": [
                0.9552547666206825,
                0.9495387532276764,
                0.9468932486258845,
                0.944134623904068,
                0.9408561925504314,
                0.937078612058396,
                0.9336167715911978,
                0.9304695878895322,
                0.9272648383437904,
                0.9240007399940928
            ],
            "Masked_RMSE": 3.9495440926624484e-12,
            "Unmasked_RMSE": 6.966750345764544e-12,
            "Avg_Dice": 0.8604313759127219,
            "Dice_Empty_Skipped": 0,
            "Spatial_Correlation": 0.9694384782550045,
            "SSIM": 0.9057027045490418,
            "SSIM_Skipped_Frames": 0
        },
        "Far_Horizon_t92_t100": {
            "Global_R2": 0.8993726253658125,
            "Per_Timestep_R2": [
                0.919947247776544,
                0.9143937036351618,
                0.9080554321557257,
                0.9027725351245769,
                0.8985227384247476,
                0.8941574159259832,
                0.889742895994379,
                0.8855825110174127,
                0.8816802873529637
            ],
            "Masked_RMSE": 4.328161354053059e-12,
            "Unmasked_RMSE": 9.037429857601016e-12,
            "Avg_Dice": 0.8492449010014776,
            "Dice_Empty_Skipped": 0,
            "Spatial_Correlation": 0.9489453312628832,
            "SSIM": 0.881932901514991,
            "SSIM_Skipped_Frames": 0
        }
    }
}