{
    "grid": 250,
    "seed": 1,
    "cytokine": "il10",
    "best_params": {
        "filters": 64,
        "lstm_units": 64,
        "learning_rate": 0.0009415680787198969,
        "batch_size": 8
    },
    "optuna_best_val_loss": 0.06061322242021561,
    "train_time_seconds": 42.01,
    "results": {
        "Near_Horizon_t82_t91": {
            "Global_R2": 0.8987412687402057,
            "Per_Timestep_R2": [
                0.9153329278851552,
                0.9096004829256772,
                0.9068736685062755,
                0.9040435471971299,
                0.9006871753206188,
                0.8968959141749485,
                0.8934551953947427,
                0.8903027375177403,
                0.8871467827232401,
                0.8838744907190814
            ],
            "Masked_RMSE": 5.9144625498285665e-12,
            "Unmasked_RMSE": 8.963555469319381e-12,
            "Avg_Dice": 0.8278724354451533,
            "Dice_Empty_Skipped": 0,
            "Spatial_Correlation": 0.9483934112250948,
            "SSIM": 0.8631999375723177,
            "SSIM_Skipped_Frames": 0
        },
        "Far_Horizon_t92_t100": {
            "Global_R2": 0.860401021829311,
            "Per_Timestep_R2": [
                0.8799460044796065,
                0.8745894932051519,
                0.8685414554948859,
                0.8635657969685238,
                0.8595470612657623,
                0.8554443743693376,
                0.8512832584383675,
                0.8473952269245097,
                0.8437662379883484
            ],
            "Masked_RMSE": 6.065956505646305e-12,
            "Unmasked_RMSE": 1.0644566714706225e-11,
            "Avg_Dice": 0.8207195164965226,
            "Dice_Empty_Skipped": 0,
            "Spatial_Correlation": 0.9279411052771838,
            "SSIM": 0.8457732004385642,
            "SSIM_Skipped_Frames": 0
        }
    }
}