{
    "grid": 250,
    "seed": 42,
    "cytokine": "il8",
    "best_params": {
        "filters": 64,
        "lstm_units": 256,
        "learning_rate": 0.00014757229343509648,
        "batch_size": 4
    },
    "optuna_best_val_loss": 0.018610764294862747,
    "results": {
        "Near_Horizon_t82_t91": {
            "Global_R2": 0.9833096607150166,
            "Per_Timestep_R2": [
                0.9863979503353928,
                0.9857863596430337,
                0.9851837107628277,
                0.9845796210085155,
                0.983908799348704,
                0.9831969399692294,
                0.9824356567789707,
                0.9816178350242403,
                0.9807916952927305,
                0.9799046332842731
            ],
            "Masked_RMSE": 9.014489694133082e-09,
            "Unmasked_RMSE": 1.2630747719558098e-09,
            "Avg_Dice": 0.9928149919899004,
            "Dice_Empty_Skipped": 0,
            "Spatial_Correlation": 0.9951131167531672,
            "SSIM": 0.923836714155958,
            "SSIM_Skipped_Frames": 0
        },
        "Far_Horizon_t92_t100": {
            "Global_R2": 0.9755219914941543,
            "Per_Timestep_R2": [
                0.9790026367099912,
                0.9781464773477854,
                0.9772863580561988,
                0.9764565804758518,
                0.9756378612727618,
                0.974794934027273,
                0.9739109900574149,
                0.9729670028448071,
                0.9720381361346472
            ],
            "Masked_RMSE": 1.029779939308632e-08,
            "Unmasked_RMSE": 1.628819241015423e-09,
            "Avg_Dice": 0.9924510314217879,
            "Dice_Empty_Skipped": 0,
            "Spatial_Correlation": 0.9940749193289435,
            "SSIM": 0.8653902233775902,
            "SSIM_Skipped_Frames": 0
        }
    }
}