{
    "grid": 500,
    "seed": 42,
    "cytokine": "il8",
    "best_params": {
        "filters": 64,
        "lstm_units": 128,
        "lr": 0.0006161049539380963,
        "batch_size": 4
    },
    "train_time_seconds": 5999.18,
    "pred_time_seconds": 3.6214,
    "split": {
        "n_train": 140,
        "n_val": 20,
        "n_test": 39
    },
    "results": {
        "Window1_t162_t174": {
            "Global_R2": 0.9949727965209401,
            "Masked_RMSE": 6.803362036511306e-10,
            "Unmasked_RMSE": 1.0982342959783359e-10,
            "Avg_Dice": 0.9985734337397391,
            "Dice_Empty_Skipped": 0,
            "Spatial_Correlation": 0.9989474088727084,
            "SSIM": 0.9624202453866642,
            "SSIM_Skipped_Frames": 0
        },
        "Window2_t175_t187": {
            "Global_R2": 0.9902416609467469,
            "Masked_RMSE": 8.060561667515883e-10,
            "Unmasked_RMSE": 1.5980806541039158e-10,
            "Avg_Dice": 0.9980176977940923,
            "Dice_Empty_Skipped": 0,
            "Spatial_Correlation": 0.9984419510807989,
            "SSIM": 0.9401709677040976,
            "SSIM_Skipped_Frames": 0
        },
        "Window3_t188_t200": {
            "Global_R2": 0.9831829682202848,
            "Masked_RMSE": 9.295194125376579e-10,
            "Unmasked_RMSE": 2.1826242651906265e-10,
            "Avg_Dice": 0.9975715099217761,
            "Dice_Empty_Skipped": 0,
            "Spatial_Correlation": 0.9979064636284768,
            "SSIM": 0.9220756700043904,
            "SSIM_Skipped_Frames": 0
        }
    }
}