{
    "grid": 100,
    "seed": 1,
    "cytokine": "il10",
    "best_params": {
        "filters": 64,
        "lstm_units": 64,
        "learning_rate": 0.0009340665602327918,
        "batch_size": 8
    },
    "optuna_best_val_loss": 0.016367366537451744,
    "train_time_seconds": 15.98,
    "results": {
        "Near_Horizon_t82_t91": {
            "Global_R2": 0.6216655970868701,
            "Per_Timestep_R2": [
                0.6661799354149899,
                0.6556389239455389,
                0.6450346671910324,
                0.6342032824049091,
                0.6296522045781046,
                0.6186803475745739,
                0.6014250761804665,
                0.5962850673850981,
                0.5850920196346239,
                0.579943804056201
            ],
            "Masked_RMSE": 2.817636882699427e-10,
            "Unmasked_RMSE": 8.909375331428897e-10,
            "Avg_Dice": 0.9428440120795308,
            "Dice_Empty_Skipped": 0,
            "Spatial_Correlation": 0.7952877024763163,
            "SSIM": 0.8452721348096148,
            "SSIM_Skipped_Frames": 0
        },
        "Far_Horizon_t92_t100": {
            "Global_R2": 0.506917755989547,
            "Per_Timestep_R2": [
                0.5630754653223522,
                0.5521194891694154,
                0.5192256481363745,
                0.5136266377145409,
                0.49761147505190895,
                0.49176797408284256,
                0.48577461138148703,
                0.47479369107242275,
                0.4639097149294631
            ],
            "Masked_RMSE": 3.279736262577493e-10,
            "Unmasked_RMSE": 1.0085402319339014e-09,
            "Avg_Dice": 0.9131611756497454,
            "Dice_Empty_Skipped": 0,
            "Spatial_Correlation": 0.7325746021442705,
            "SSIM": 0.8035132957240043,
            "SSIM_Skipped_Frames": 0
        }
    }
}