{
    "grid": 100,
    "seed": 100,
    "cytokine": "il8",
    "best_params": {
        "filters": 32,
        "lstm_units": 128,
        "learning_rate": 0.0009307817293627743,
        "batch_size": 4
    },
    "optuna_best_val_loss": 0.014736421406269073,
    "train_time_seconds": 30.93,
    "results": {
        "Near_Horizon_t82_t91": {
            "Global_R2": 0.9761016775648469,
            "Per_Timestep_R2": [
                0.9802010148302515,
                0.979443922807369,
                0.9786380116423631,
                0.9777787579721929,
                0.9768734500909207,
                0.9759563778184062,
                0.9749122725599427,
                0.9737838591486193,
                0.9726394804535035,
                0.9716307010173255
            ],
            "Masked_RMSE": 1.1867907545562361e-07,
            "Unmasked_RMSE": 3.275472559702855e-08,
            "Avg_Dice": 0.9564345351486375,
            "Dice_Empty_Skipped": 0,
            "Spatial_Correlation": 0.9913874166665219,
            "SSIM": 0.8703030927794384,
            "SSIM_Skipped_Frames": 0
        },
        "Far_Horizon_t92_t100": {
            "Global_R2": 0.9639262334105277,
            "Per_Timestep_R2": [
                0.970495020309011,
                0.969131142655501,
                0.9676512469331702,
                0.966006838873448,
                0.9643287078766245,
                0.9625912481472908,
                0.9606289014287002,
                0.9587011286640899,
                0.9568120184988611
            ],
            "Masked_RMSE": 1.4039200010470635e-07,
            "Unmasked_RMSE": 4.2411803238555755e-08,
            "Avg_Dice": 0.9476495216897342,
            "Dice_Empty_Skipped": 0,
            "Spatial_Correlation": 0.98935679818252,
            "SSIM": 0.799770647140432,
            "SSIM_Skipped_Frames": 0
        }
    }
}