{
    "grid": 250,
    "seed": 42,
    "cytokine": "il10",
    "best_params": {
        "filters": 32,
        "lstm_units": 128,
        "learning_rate": 0.0009808865035528388,
        "batch_size": 4
    },
    "optuna_best_val_loss": 0.05554664880037308,
    "results": {
        "Near_Horizon_t82_t91": {
            "Global_R2": 0.8978307278580748,
            "Per_Timestep_R2": [
                0.9142330274403013,
                0.9085910682256556,
                0.9058955425767748,
                0.9029605200339312,
                0.8996078720324485,
                0.8958191138028281,
                0.8923777229061042,
                0.8893880727771867,
                0.886316199538204,
                0.8839033875763145
            ],
            "Masked_RMSE": 6.6341889595695865e-12,
            "Unmasked_RMSE": 9.003766410739073e-12,
            "Avg_Dice": 0.7748561709319044,
            "Dice_Empty_Skipped": 0,
            "Spatial_Correlation": 0.9518320098405106,
            "SSIM": 0.5977517831956553,
            "SSIM_Skipped_Frames": 0
        },
        "Far_Horizon_t92_t100": {
            "Global_R2": 0.860050500796327,
            "Per_Timestep_R2": [
                0.8806756116080986,
                0.8747774205951223,
                0.8684540665415993,
                0.8632431307222176,
                0.8588616708483533,
                0.854853595207167,
                0.8505399556743611,
                0.846572490476055,
                0.842967570047062
            ],
            "Masked_RMSE": 7.1779604834164926e-12,
            "Unmasked_RMSE": 1.0657922132344102e-11,
            "Avg_Dice": 0.7253430368562923,
            "Dice_Empty_Skipped": 0,
            "Spatial_Correlation": 0.9335619035738808,
            "SSIM": 0.5079887805257893,
            "SSIM_Skipped_Frames": 0
        }
    }
}