{
    "grid": 250,
    "seed": 100,
    "cytokine": "il10",
    "best_params": {
        "filters": 32,
        "lstm_units": 128,
        "learning_rate": 0.0009808865035528388,
        "batch_size": 4
    },
    "optuna_best_val_loss": 0.05759163945913315,
    "train_time_seconds": 43.88,
    "results": {
        "Near_Horizon_t82_t91": {
            "Global_R2": 0.8702654340656768,
            "Per_Timestep_R2": [
                0.8843903104356423,
                0.8792350376942156,
                0.8769515142842442,
                0.8746271401210994,
                0.8718651065922549,
                0.8686610917343134,
                0.8657789056271158,
                0.8632105245824355,
                0.86060715162257,
                0.8579906179297502
            ],
            "Masked_RMSE": 5.724730381550359e-12,
            "Unmasked_RMSE": 1.0145931390487962e-11,
            "Avg_Dice": 0.8252750417437884,
            "Dice_Empty_Skipped": 0,
            "Spatial_Correlation": 0.9333657657542126,
            "SSIM": 0.8040296488294365,
            "SSIM_Skipped_Frames": 0
        },
        "Far_Horizon_t92_t100": {
            "Global_R2": 0.8372659209858964,
            "Per_Timestep_R2": [
                0.8546389880915961,
                0.8499182604137614,
                0.8444641658153427,
                0.8399748714863846,
                0.8364676438371442,
                0.8328817128909796,
                0.8291796774038797,
                0.8257294561628266,
                0.8225519015793792
            ],
            "Masked_RMSE": 5.925875589903413e-12,
            "Unmasked_RMSE": 1.1492807268659124e-11,
            "Avg_Dice": 0.8128962600636833,
            "Dice_Empty_Skipped": 0,
            "Spatial_Correlation": 0.9152514496865702,
            "SSIM": 0.7641978354326696,
            "SSIM_Skipped_Frames": 0
        }
    }
}