{
    "grid": 250,
    "seed": 100,
    "cytokine": "il8",
    "best_params": {
        "filters": 64,
        "lstm_units": 256,
        "learning_rate": 0.0007904197599183211,
        "batch_size": 4
    },
    "optuna_best_val_loss": 0.01432354748249054,
    "train_time_seconds": 35.91,
    "results": {
        "Near_Horizon_t82_t91": {
            "Global_R2": 0.9851058784608354,
            "Per_Timestep_R2": [
                0.9903949734962151,
                0.9894483955316125,
                0.9885300915847255,
                0.987569969727302,
                0.9863557528490818,
                0.9850517688797362,
                0.9836686688169726,
                0.9821562587012662,
                0.9805844358706902,
                0.9786764783603626
            ],
            "Masked_RMSE": 5.7790660111716014e-09,
            "Unmasked_RMSE": 1.1931743948420699e-09,
            "Avg_Dice": 0.9884251267842743,
            "Dice_Empty_Skipped": 0,
            "Spatial_Correlation": 0.9974594535517896,
            "SSIM": 0.9610681082933207,
            "SSIM_Skipped_Frames": 0
        },
        "Far_Horizon_t92_t100": {
            "Global_R2": 0.9699929321905529,
            "Per_Timestep_R2": [
                0.9768987131830891,
                0.9753304448074065,
                0.9736464212646468,
                0.9719941829103236,
                0.9702948734977579,
                0.9684933135013416,
                0.9666865532804418,
                0.9648483590408465,
                0.9629273058317189
            ],
            "Masked_RMSE": 7.174322313598453e-09,
            "Unmasked_RMSE": 1.8034189552362777e-09,
            "Avg_Dice": 0.9840595707443174,
            "Dice_Empty_Skipped": 0,
            "Spatial_Correlation": 0.9963996709366351,
            "SSIM": 0.937123393243402,
            "SSIM_Skipped_Frames": 0
        }
    }
}