{
    "grid": 250,
    "seed": 1,
    "cytokine": "il8",
    "best_params": {
        "filters": 32,
        "lstm_units": 256,
        "learning_rate": 0.00022563125582048365,
        "batch_size": 4
    },
    "optuna_best_val_loss": 0.018300743773579597,
    "train_time_seconds": 49.62,
    "results": {
        "Near_Horizon_t82_t91": {
            "Global_R2": 0.9558809799835556,
            "Per_Timestep_R2": [
                0.9625991247795794,
                0.9612384704391845,
                0.9598644868639294,
                0.9584614592621546,
                0.9569873178423963,
                0.9554611294927754,
                0.9538860380580301,
                0.9522603061134148,
                0.950608289749976,
                0.948878634466535
            ],
            "Masked_RMSE": 1.3499864772309145e-08,
            "Unmasked_RMSE": 2.05356950639138e-09,
            "Avg_Dice": 0.9846025182904634,
            "Dice_Empty_Skipped": 0,
            "Spatial_Correlation": 0.9876866863894964,
            "SSIM": 0.7923991116375749,
            "SSIM_Skipped_Frames": 0
        },
        "Far_Horizon_t92_t100": {
            "Global_R2": 0.9397429170079856,
            "Per_Timestep_R2": [
                0.9471413531817695,
                0.9453967698881703,
                0.94362665303614,
                0.9418050432908496,
                0.9399685593809162,
                0.9380976481111454,
                0.9362089080199618,
                0.9342695309516268,
                0.9323043173383897
            ],
            "Masked_RMSE": 1.477288551973589e-08,
            "Unmasked_RMSE": 2.555576596130398e-09,
            "Avg_Dice": 0.97408995347064,
            "Dice_Empty_Skipped": 0,
            "Spatial_Correlation": 0.9866666174328773,
            "SSIM": 0.7564602398602172,
            "SSIM_Skipped_Frames": 0
        }
    }
}