{
    "grid": 100,
    "seed": 42,
    "cytokine": "il10",
    "best_params": {
        "filters": 32,
        "lstm_units": 128,
        "learning_rate": 0.0009307817293627743,
        "batch_size": 4
    },
    "optuna_best_val_loss": 0.020188329741358757,
    "train_time_seconds": 20.06,
    "results": {
        "Near_Horizon_t82_t91": {
            "Global_R2": 0.6123010504647958,
            "Per_Timestep_R2": [
                0.6618181075256528,
                0.6502657077252348,
                0.6384853808849595,
                0.6265080242642356,
                0.6206827710282977,
                0.6092391538674301,
                0.5906655598078999,
                0.5840288735408881,
                0.5713796767744136,
                0.5648644949253515
            ],
            "Masked_RMSE": 2.448771772699862e-10,
            "Unmasked_RMSE": 9.018963929207956e-10,
            "Avg_Dice": 0.7660273001378266,
            "Dice_Empty_Skipped": 0,
            "Spatial_Correlation": 0.7978930428640115,
            "SSIM": 0.7547734846035471,
            "SSIM_Skipped_Frames": 0
        },
        "Far_Horizon_t92_t100": {
            "Global_R2": 0.48483517148047117,
            "Per_Timestep_R2": [
                0.5472225736295795,
                0.5345146773085221,
                0.5015170322858264,
                0.4938825635144898,
                0.4762175284161577,
                0.4682933681621718,
                0.4600792028881594,
                0.44704899974188206,
                0.43414397258574766
            ],
            "Masked_RMSE": 2.8726519738303195e-10,
            "Unmasked_RMSE": 1.0308765204048469e-09,
            "Avg_Dice": 0.6700211875606591,
            "Dice_Empty_Skipped": 0,
            "Spatial_Correlation": 0.7359639887797325,
            "SSIM": 0.7077553552983066,
            "SSIM_Skipped_Frames": 0
        }
    }
}