{
    "params": {
        "filters": 64,
        "lstm_units": 64,
        "lr": 0.0006677997386123069
    },
    "seed": 42,
    "grid": 500,
    "cytokine": "tgf",
    "results": {
        "Interpolation_72_89": {
            "Global_R2": 0.5428698062896729,
            "Masked_RMSE": 7.124979845504948e-11,
            "Avg_Dice": 1.0,
            "Avg_SSIM": 1.0,
            "Spatial_Correlation": 0.0
        },
        "Extrapolation_82_100": {
            "Global_R2": 0.20473241806030273,
            "Masked_RMSE": 1.182316355744418e-10,
            "Avg_Dice": 1.0,
            "Avg_SSIM": 1.0,
            "Spatial_Correlation": 0.0
        }
    }
}