{
    "params": {
        "filters": 32,
        "lstm_units": 64,
        "lr": 0.0002394579186326198
    },
    "seed": 42,
    "grid": 250,
    "cytokine": "tgf",
    "results": {
        "Interpolation_72_89": {
            "Global_R2": 0.27707433700561523,
            "Masked_RMSE": 8.038314386478036e-10,
            "Avg_Dice": 1.0,
            "Avg_SSIM": 1.0,
            "Spatial_Correlation": 0.5462706089019775
        },
        "Extrapolation_82_100": {
            "Global_R2": 0.1405225396156311,
            "Masked_RMSE": 1.1660064296243361e-09,
            "Avg_Dice": 1.0,
            "Avg_SSIM": 1.0,
            "Spatial_Correlation": 0.4605443775653839
        }
    }
}