{
    "params": {
        "filters": 32,
        "lstm_units": 128,
        "lr": 0.0008978725514493185
    },
    "seed": 42,
    "grid": 100,
    "cytokine": "tnf",
    "results": {
        "Interpolation_72_89": {
            "Global_R2": -0.052600979804992676,
            "Masked_RMSE": 4.524008010637314e-08,
            "Avg_Dice": 1.0,
            "Avg_SSIM": 1.0,
            "Spatial_Correlation": 0.235304594039917
        },
        "Extrapolation_82_100": {
            "Global_R2": -0.056615471839904785,
            "Masked_RMSE": 4.438784650022931e-08,
            "Avg_Dice": 1.0,
            "Avg_SSIM": 1.0,
            "Spatial_Correlation": 0.23307502269744873
        }
    }
}