{
    "params": {
        "filters": 64,
        "lstm_units": 64,
        "lr": 0.0001921789587482729
    },
    "seed": 42,
    "grid": 250,
    "cytokine": "tnf",
    "results": {
        "Interpolation_72_89": {
            "Global_R2": 0.606952428817749,
            "Masked_RMSE": 1.1726653097793153e-09,
            "Avg_Dice": 1.0,
            "Avg_SSIM": 1.0,
            "Spatial_Correlation": 0.792809247970581
        },
        "Extrapolation_82_100": {
            "Global_R2": 0.598617672920227,
            "Masked_RMSE": 1.3261303324690558e-09,
            "Avg_Dice": 1.0,
            "Avg_SSIM": 1.0,
            "Spatial_Correlation": 0.7831186652183533
        }
    }
}