{
    "params": {
        "filters": 64,
        "lstm_units": 128,
        "lr": 0.00029015363664567045
    },
    "seed": 42,
    "grid": 100,
    "cytokine": "il1",
    "results": {
        "Interpolation_72_89": {
            "Global_R2": 0.04636645317077637,
            "Masked_RMSE": 9.363502351039779e-09,
            "Avg_Dice": 1.0,
            "Avg_SSIM": 1.0,
            "Spatial_Correlation": 0.6978704333305359
        },
        "Extrapolation_82_100": {
            "Global_R2": -0.33604896068573,
            "Masked_RMSE": 1.0330127746056013e-08,
            "Avg_Dice": 1.0,
            "Avg_SSIM": 1.0,
            "Spatial_Correlation": 0.6032945513725281
        }
    }
}