{
    "params": {
        "filters": 32,
        "lstm_units": 64,
        "lr": 0.0015036120663670573
    },
    "seed": 42,
    "grid": 500,
    "cytokine": "il10",
    "results": {
        "Interpolation_72_89": {
            "Global_R2": -0.01711738109588623,
            "Masked_RMSE": 7.176592135445461e-12,
            "Avg_Dice": 1.0,
            "Avg_SSIM": 1.0,
            "Spatial_Correlation": 0.0
        },
        "Extrapolation_82_100": {
            "Global_R2": -0.0262833833694458,
            "Masked_RMSE": 6.129530084274827e-12,
            "Avg_Dice": 1.0,
            "Avg_SSIM": 1.0,
            "Spatial_Correlation": 0.0
        }
    }
}