{
    "params": {
        "filters": 64,
        "lstm_units": 128,
        "lr": 0.000209344513924028
    },
    "seed": 42,
    "grid": 100,
    "cytokine": "il8",
    "results": {
        "Interpolation_72_89": {
            "Global_R2": 0.9961615204811096,
            "Masked_RMSE": 6.53102579421407e-08,
            "Avg_Dice": 1.0,
            "Avg_SSIM": 1.0,
            "Spatial_Correlation": 0.9985079169273376
        },
        "Extrapolation_82_100": {
            "Global_R2": 0.9924609065055847,
            "Masked_RMSE": 9.892767033464774e-08,
            "Avg_Dice": 1.0,
            "Avg_SSIM": 1.0,
            "Spatial_Correlation": 0.9975870251655579
        }
    }
}