{
    "params": {
        "filters": 64,
        "lstm_units": 128,
        "lr": 0.0017738505986613939
    },
    "seed": 42,
    "grid": 500,
    "cytokine": "il6",
    "results": {
        "Interpolation_72_89": {
            "Global_R2": -0.0754934549331665,
            "Masked_RMSE": 2.0089303632448483e-11,
            "Avg_Dice": 1.0,
            "Avg_SSIM": 1.0,
            "Spatial_Correlation": 0.0
        },
        "Extrapolation_82_100": {
            "Global_R2": -0.07879412174224854,
            "Masked_RMSE": 1.7213748300343018e-11,
            "Avg_Dice": 1.0,
            "Avg_SSIM": 1.0,
            "Spatial_Correlation": 0.0
        }
    }
}