{
    "params": {
        "filters": 64,
        "lstm_units": 64,
        "lr": 0.0007701380637439498
    },
    "seed": 42,
    "grid": 250,
    "cytokine": "il8",
    "results": {
        "Interpolation_72_89": {
            "Global_R2": 0.9970744848251343,
            "Masked_RMSE": 2.7425740234859973e-09,
            "Avg_Dice": 1.0,
            "Avg_SSIM": 1.0,
            "Spatial_Correlation": 0.9988489151000977
        },
        "Extrapolation_82_100": {
            "Global_R2": 0.992577314376831,
            "Masked_RMSE": 3.6774438482347875e-09,
            "Avg_Dice": 1.0,
            "Avg_SSIM": 1.0,
            "Spatial_Correlation": 0.9983752369880676
        }
    }
}