{
    "grid": 500,
    "seed": 42,
    "cytokine": "il10",
    "best_params": {
        "p": 128,
        "hidden": 256,
        "lr": 0.00040473423087757364,
        "batch_size": 8,
        "chunk_size": 4096
    },
    "optuna_best_val_loss": 0.13563764095306396,
    "train_time_seconds": 1473.34,
    "pred_time_seconds": 115.14,
    "results": {
        "Near_Horizon": {
            "Global_R2": 0.04617804288864136,
            "Per_Timestep_R2": [
                0.12899816036224365,
                0.12082767486572266,
                0.11306643486022949,
                0.10380053520202637,
                0.09457540512084961,
                0.08530473709106445,
                0.0764007568359375,
                0.06659138202667236,
                0.059043824672698975,
                0.049800336360931396,
                0.040883541107177734,
                0.030548512935638428,
                0.021804392337799072,
                0.013048171997070312,
                0.005463957786560059,
                -0.0033805370330810547,
                -0.01336205005645752,
                -0.02438485622406006,
                -0.03335845470428467,
                -0.04413890838623047
            ],
            "Masked_RMSE": 1.934472125097407e-12,
            "Unmasked_RMSE": 3.284893841312697e-12,
            "Avg_Dice": 0.4436912656476517,
            "Dice_Empty_Skipped": 0,
            "Spatial_Correlation": 0.3240524874322469,
            "SSIM": NaN
        },
        "Far_Horizon": {
            "Global_R2": -0.18524467945098877,
            "Per_Timestep_R2": [
                -0.05436670780181885,
                -0.06619870662689209,
                -0.07955718040466309,
                -0.09121763706207275,
                -0.10323238372802734,
                -0.11895596981048584,
                -0.1368793249130249,
                -0.15366506576538086,
                -0.1700536012649536,
                -0.18532347679138184,
                -0.2006523609161377,
                -0.21415340900421143,
                -0.23193120956420898,
                -0.24734973907470703,
                -0.26518309116363525,
                -0.2820974588394165,
                -0.2995798587799072,
                -0.3192976713180542,
                -0.3380556106567383
            ],
            "Masked_RMSE": 2.0997493777397254e-12,
            "Unmasked_RMSE": 3.492211294447989e-12,
            "Avg_Dice": 0.41914351998941646,
            "Dice_Empty_Skipped": 0,
            "Spatial_Correlation": 0.22533466796184434,
            "SSIM": NaN
        }
    }
}