{
    "grid": 500,
    "seed": 42,
    "cytokine": "il8",
    "best_params": {
        "p": 128,
        "hidden": 256,
        "lr": 0.000348771262454593,
        "batch_size": 8,
        "chunk_size": 4096
    },
    "optuna_best_val_loss": 0.015787839889526367,
    "train_time_seconds": 1920.78,
    "pred_time_seconds": 119.21,
    "results": {
        "Near_Horizon": {
            "Global_R2": 0.9425197243690491,
            "Per_Timestep_R2": [
                0.9590446352958679,
                0.9575750231742859,
                0.9561064839363098,
                0.9545019268989563,
                0.952649712562561,
                0.950950562953949,
                0.9493990540504456,
                0.9474458694458008,
                0.9457593560218811,
                0.9440911412239075,
                0.9424508213996887,
                0.9409849643707275,
                0.9387726783752441,
                0.9370116591453552,
                0.9351340532302856,
                0.9331163763999939,
                0.9312424659729004,
                0.9292130470275879,
                0.9270643591880798,
                0.9248319864273071
            ],
            "Masked_RMSE": 1.6778074058439136e-09,
            "Unmasked_RMSE": 3.759877686970725e-10,
            "Avg_Dice": 0.9781267736889842,
            "Dice_Empty_Skipped": 0,
            "Spatial_Correlation": 0.9814680253833746,
            "SSIM": 0.7019085132563353
        },
        "Far_Horizon": {
            "Global_R2": 0.900375247001648,
            "Per_Timestep_R2": [
                0.9227204322814941,
                0.9206924438476562,
                0.9184901118278503,
                0.916136622428894,
                0.9137643575668335,
                0.9113146066665649,
                0.9089800119400024,
                0.9064891934394836,
                0.9039135575294495,
                0.9013655185699463,
                0.8986093997955322,
                0.8952007293701172,
                0.8929863572120667,
                0.8903203010559082,
                0.8879587650299072,
                0.8852968215942383,
                0.882540762424469,
                0.8802629709243774,
                0.8773884773254395
            ],
            "Masked_RMSE": 1.908728693621953e-09,
            "Unmasked_RMSE": 5.266603819720217e-10,
            "Avg_Dice": 0.9658960632806928,
            "Dice_Empty_Skipped": 0,
            "Spatial_Correlation": 0.973598516131505,
            "SSIM": 0.6172670029216152
        }
    }
}