{
    "grid": 500,
    "seed": 42,
    "cytokine": "il8",
    "best_params": {
        "hidden": 128,
        "n_layers": 3,
        "learning_rate": 0.00069389014127394,
        "lambda_pde": 0.00126813521690846,
        "lambda_ic": 6.586289317583113,
        "lambda_bc": 0.005975027999960293
    },
    "optuna_best_val_loss": 0.07304672431257546,
    "train_time_seconds": 8215.53,
    "pred_time_seconds": 2.06,
    "results": {
        "Near_Horizon_t162_t181": {
            "Global_R2": -0.005467878160286377,
            "Per_Timestep_R2": [
                0.04793466957100112,
                0.03923184233937038,
                0.03149331096602048,
                0.024579028266561997,
                0.0183608121373533,
                0.01272254103774595,
                0.007559674748620071,
                0.00277839989356643,
                -0.0017053729028981834,
                -0.005967016018756155,
                -0.010074104384472982,
                -0.014087211370696018,
                -0.018060565931846906,
                -0.022042587388299673,
                -0.0260763150530412,
                -0.03019975902973826,
                -0.03444620268982601,
                -0.03884447487309872,
                -0.04341921757355505,
                -0.04819115045046174
            ],
            "Masked_RMSE": 2.7173168616201035e-09,
            "Unmasked_RMSE": 1.5725277330982101e-09,
            "Avg_Dice": 0.8350576887788284,
            "Dice_Empty_Skipped": 0,
            "Spatial_Correlation": 0.31973548380558536,
            "SSIM": 0.42342970710812605,
            "SSIM_Skipped_Frames": 0
        },
        "Far_Horizon_t182_t200": {
            "Global_R2": -0.11327769052780257,
            "Per_Timestep_R2": [
                -0.05317735240145316,
                -0.05839155286124598,
                -0.06384442707697491,
                -0.06954390593228688,
                -0.07549547500522524,
                -0.08170247045495982,
                -0.08816635846712972,
                -0.09488699762463426,
                -0.10186287914815906,
                -0.10909134269039189,
                -0.11656876781440495,
                -0.12429074270155116,
                -0.13225220831922901,
                -0.14044758442163707,
                -0.1488708724766128,
                -0.15751574760852005,
                -0.16637562899434966,
                -0.17544374407612406,
                -0.1847131790896257
            ],
            "Masked_RMSE": 2.653800631014438e-09,
            "Unmasked_RMSE": 1.7605514896399882e-09,
            "Avg_Dice": 0.8388057777746547,
            "Dice_Empty_Skipped": 0,
            "Spatial_Correlation": 0.2706546196812922,
            "SSIM": 0.4179771317410788,
            "SSIM_Skipped_Frames": 0
        }
    }
}