{
    "grid": 500,
    "seed": 42,
    "cytokine": "il10",
    "best_params": {
        "hidden": 50,
        "n_layers": 4,
        "learning_rate": 0.00011284989761556493,
        "lambda_pde": 0.032552154524558466,
        "lambda_ic": 0.10510770173951275,
        "lambda_bc": 0.0010303984244157973
    },
    "optuna_best_val_loss": 0.13988181120649465,
    "train_time_seconds": 4861.13,
    "pred_time_seconds": 1.62,
    "results": {
        "Near_Horizon_t162_t181": {
            "Global_R2": 0.04581789269407266,
            "Per_Timestep_R2": [
                0.05959143870329686,
                0.0582451618425357,
                0.05683648814382114,
                0.05544359838001245,
                0.05392346233222589,
                0.05248241368863871,
                0.05095510760568611,
                0.049475785118696214,
                0.04800902205749058,
                0.04639601706566776,
                0.04477658606393875,
                0.043247847159303965,
                0.04164712670950532,
                0.04009255776043519,
                0.038621425981442026,
                0.03736644498625197,
                0.03585143734539531,
                0.03430966659621992,
                0.032668488339569146,
                0.030969630643178814
            ],
            "Masked_RMSE": 1.876832432970718e-12,
            "Unmasked_RMSE": 3.2855140973672305e-12,
            "Avg_Dice": 0.42512425629438233,
            "Dice_Empty_Skipped": 0,
            "Spatial_Correlation": 0.2561547987338352,
            "SSIM": 0.20004935754376918,
            "SSIM_Skipped_Frames": 0
        },
        "Far_Horizon_t182_t200": {
            "Global_R2": 0.01584565803628679,
            "Per_Timestep_R2": [
                0.029256125456997295,
                0.027582584924771503,
                0.02615099904981788,
                0.024619218343810645,
                0.0232051772201477,
                0.021692943175719348,
                0.020127458022656253,
                0.018600881867866348,
                0.017168874572379256,
                0.015638009983609313,
                0.014144157021302006,
                0.012599912997633966,
                0.011069995787746145,
                0.009575881750468085,
                0.008074741156491316,
                0.006674693661104736,
                0.005267071140847679,
                0.0037559722006503815,
                0.0021553150526737452
            ],
            "Masked_RMSE": 1.7823691059723085e-12,
            "Unmasked_RMSE": 3.1822041139637287e-12,
            "Avg_Dice": 0.4359789884211745,
            "Dice_Empty_Skipped": 0,
            "Spatial_Correlation": 0.23669339813428544,
            "SSIM": 0.2070525510625054,
            "SSIM_Skipped_Frames": 0
        }
    }
}