{
    "grid": 50,
    "seed": 42,
    "cytokine": "il8",
    "best_params": {
        "p": 64,
        "hidden": 256,
        "learning_rate": 0.0008691089486124979,
        "batch_size": 8,
        "chunk_size": 2048
    },
    "optuna_best_val_loss": 6.0309685068205e-05,
    "results": {
        "Interpolation_72_89": {
            "Global_R2": 0.9995842181789807,
            "Masked_RMSE": 8.991739745227301e-08,
            "Avg_Dice": 0.9927001794871558,
            "Spatial_Correlation": 0.9998506140648258,
            "SSIM": 0.9930146645630396
        },
        "Extrapolation_82_100": {
            "Global_R2": 0.9986596901712715,
            "Masked_RMSE": 1.8131788139349363e-07,
            "Avg_Dice": 0.9792517093434725,
            "Spatial_Correlation": 0.9995363641335596,
            "SSIM": 0.9881085724503477
        }
    }
}