{
    "params": {
        "filters": 64,
        "lstm_units": 64,
        "lr": 0.00019772132860869357
    },
    "seed": 42,
    "grid": 50,
    "cytokine": "tgf",
    "split": "90_10",
    "results": {
        "Final_10_Percent_Test": {
            "Global_R2": 0.561487078666687,
            "Masked_RMSE": 1.3024639508384368e-07,
            "Avg_Dice": 1.0,
            "Avg_SSIM": 1.0,
            "Spatial_Correlation": 0.7517516613006592
        }
    }
}