{
    "grid": 250,
    "seed": 100,
    "cytokine": "il10",
    "best_params": {
        "p": 64,
        "hidden": 256,
        "learning_rate": 0.0009112136566735866,
        "batch_size": 4,
        "chunk_size": 2048
    },
    "optuna_best_val_loss": 0.000194264868719657,
    "train_time_seconds": 5435.76,
    "results": {
        "Near_Horizon_t82_t91": {
            "Global_R2": 0.9993090414068864,
            "Per_Timestep_R2": [
                0.9986899028181679,
                0.9965984426623935,
                0.9999610232006495,
                0.9999622604261016,
                0.999536975166441,
                0.999111918302817,
                0.9995172109431417,
                0.9999167614500457,
                0.9998919924019265,
                0.9998577128576378
            ],
            "Masked_RMSE": 1.6284479660488053e-13,
            "Unmasked_RMSE": 7.404403557074506e-13,
            "Avg_Dice": 0.9984170385411286,
            "Dice_Empty_Skipped": 0,
            "Spatial_Correlation": 0.9997804485272362,
            "SSIM": 0.9987126499416862,
            "SSIM_Skipped_Frames": 0
        },
        "Far_Horizon_t92_t100": {
            "Global_R2": 0.9983693611525493,
            "Per_Timestep_R2": [
                0.9990141866501562,
                0.9973508746985307,
                0.996523692125495,
                0.9977181796930512,
                0.9988827470082969,
                0.9988052796587673,
                0.9987081672860072,
                0.9990188874596072,
                0.9992869535432635
            ],
            "Masked_RMSE": 3.060537798621011e-13,
            "Unmasked_RMSE": 1.150444734802725e-12,
            "Avg_Dice": 0.9955859933067917,
            "Dice_Empty_Skipped": 0,
            "Spatial_Correlation": 0.999412460137384,
            "SSIM": 0.9980215930953984,
            "SSIM_Skipped_Frames": 0
        }
    }
}