{
    "grid": 50,
    "seed": 42,
    "cytokine": "il8",
    "best_params": {
        "p": 64,
        "hidden": 256,
        "learning_rate": 0.0008691089486124979,
        "batch_size": 8,
        "chunk_size": 2048
    },
    "optuna_best_val_loss": 6.045674914882208e-05,
    "results": {
        "Near_Horizon_t82_t91": {
            "Global_R2": 0.9992375128055927,
            "Per_Timestep_R2": [
                0.999660917292857,
                0.9994609852151602,
                0.9994720778986064,
                0.9994323981899896,
                0.999304085948266,
                0.9992725740836337,
                0.9991083236644424,
                0.9990388056004015,
                0.9989118783984086,
                0.9987929929033638
            ],
            "Masked_RMSE": 1.3685161787033072e-07,
            "Unmasked_RMSE": 6.145869092165734e-08,
            "Avg_Dice": 0.9888574655186024,
            "Dice_Empty_Skipped": 0,
            "Spatial_Correlation": 0.9997326970273376,
            "SSIM": 0.99117904036209,
            "SSIM_Skipped_Frames": 0
        },
        "Far_Horizon_t92_t100": {
            "Global_R2": 0.9980656381893813,
            "Per_Timestep_R2": [
                0.9984317317305672,
                0.9986026382096896,
                0.9984596354562683,
                0.9983101201322847,
                0.9980550513982276,
                0.9979295244617973,
                0.9977564739297529,
                0.9976453245308017,
                0.997480983463503
            ],
            "Masked_RMSE": 2.175451884431075e-07,
            "Unmasked_RMSE": 1.028350390392994e-07,
            "Avg_Dice": 0.9722962926267706,
            "Dice_Empty_Skipped": 0,
            "Spatial_Correlation": 0.9993044460466176,
            "SSIM": 0.9850713164484978,
            "SSIM_Skipped_Frames": 0
        }
    }
}