{
    "grid": 100,
    "seed": 1,
    "cytokine": "il10",
    "best_params": {
        "p": 128,
        "hidden": 256,
        "learning_rate": 0.0009700201070951764,
        "batch_size": 4,
        "chunk_size": 4096
    },
    "optuna_best_val_loss": 0.0005367651683627628,
    "train_time_seconds": 207.02,
    "results": {
        "Near_Horizon_t82_t91": {
            "Global_R2": 0.9886780090843492,
            "Per_Timestep_R2": [
                0.9791968343425761,
                0.9886824389811616,
                0.9884210774898609,
                0.9881764527362664,
                0.9977692357222377,
                0.9877834515551009,
                0.9774041308646866,
                0.99699597864008,
                0.9866610387672236,
                0.996253728157727
            ],
            "Masked_RMSE": 6.648997235426593e-11,
            "Unmasked_RMSE": 1.541241657675578e-10,
            "Avg_Dice": 0.9975337611561486,
            "Dice_Empty_Skipped": 0,
            "Spatial_Correlation": 0.9955741118498083,
            "SSIM": 0.9894308422049413,
            "SSIM_Skipped_Frames": 0
        },
        "Far_Horizon_t92_t100": {
            "Global_R2": 0.9813112278115365,
            "Per_Timestep_R2": [
                0.9757993422968357,
                0.9851289319229459,
                0.9464281132334027,
                0.9951866766285412,
                0.9750804097129557,
                0.9945671124927218,
                0.9942347263597344,
                0.9834708961710203,
                0.9827971690118827
            ],
            "Masked_RMSE": 9.006556730176769e-11,
            "Unmasked_RMSE": 1.96346846542923e-10,
            "Avg_Dice": 0.9965447486195276,
            "Dice_Empty_Skipped": 0,
            "Spatial_Correlation": 0.9930146789955896,
            "SSIM": 0.977220516650417,
            "SSIM_Skipped_Frames": 0
        }
    }
}