{
    "grid": 100,
    "seed": 100,
    "cytokine": "il8",
    "best_params": {
        "p": 64,
        "hidden": 256,
        "learning_rate": 0.0009112136566735866,
        "batch_size": 4,
        "chunk_size": 2048
    },
    "optuna_best_val_loss": 2.701194716792088e-05,
    "train_time_seconds": 785.87,
    "results": {
        "Near_Horizon_t82_t91": {
            "Global_R2": 0.9991026760795899,
            "Per_Timestep_R2": [
                0.9996407165668801,
                0.9995600228562708,
                0.9994662321496157,
                0.9993460444765306,
                0.9992257695748911,
                0.9990908589216125,
                0.9989248002492978,
                0.9987946337255381,
                0.9986270954021037,
                0.9984747966638725
            ],
            "Masked_RMSE": 2.1473530786245558e-08,
            "Unmasked_RMSE": 6.346947118513949e-09,
            "Avg_Dice": 0.9892881811154707,
            "Dice_Empty_Skipped": 0,
            "Spatial_Correlation": 0.9996568602683572,
            "SSIM": 0.9946296764806053,
            "SSIM_Skipped_Frames": 0
        },
        "Far_Horizon_t92_t100": {
            "Global_R2": 0.9975245179597961,
            "Per_Timestep_R2": [
                0.9982996435544251,
                0.9981660176865539,
                0.9979644172083201,
                0.9977417879171105,
                0.9975637710638394,
                0.9973715522693587,
                0.9971140395432001,
                0.9969019340494395,
                0.9967203073188788
            ],
            "Masked_RMSE": 3.422200772993159e-08,
            "Unmasked_RMSE": 1.1110174556704491e-08,
            "Avg_Dice": 0.9805654563141708,
            "Dice_Empty_Skipped": 0,
            "Spatial_Correlation": 0.9989337437187196,
            "SSIM": 0.9866770588818868,
            "SSIM_Skipped_Frames": 0
        }
    }
}