{
    "grid": 100,
    "seed": 1,
    "cytokine": "il8",
    "best_params": {
        "p": 64,
        "hidden": 256,
        "learning_rate": 0.0009112136566735866,
        "batch_size": 4,
        "chunk_size": 2048
    },
    "optuna_best_val_loss": 2.701194716792088e-05,
    "train_time_seconds": 532.9,
    "results": {
        "Near_Horizon_t82_t91": {
            "Global_R2": 0.9974940991750839,
            "Per_Timestep_R2": [
                0.9986080737047324,
                0.9985850531826466,
                0.9983083203582104,
                0.9980577528808854,
                0.9978694294740932,
                0.9975840130389804,
                0.9973128731517183,
                0.9969112635926178,
                0.9963371585528914,
                0.9956607856034356
            ],
            "Masked_RMSE": 2.3114234311547946e-08,
            "Unmasked_RMSE": 1.0606502456055946e-08,
            "Avg_Dice": 0.9851376880476007,
            "Dice_Empty_Skipped": 0,
            "Spatial_Correlation": 0.9993990793100505,
            "SSIM": 0.9659780291071571,
            "SSIM_Skipped_Frames": 0
        },
        "Far_Horizon_t92_t100": {
            "Global_R2": 0.9885810284560443,
            "Per_Timestep_R2": [
                0.9945828089426176,
                0.9939442364862744,
                0.9923910669382574,
                0.9905431948814041,
                0.9890650524178236,
                0.9873889545196105,
                0.9849933316782116,
                0.9834180449078562,
                0.9819318922300375
            ],
            "Masked_RMSE": 3.8971421305475164e-08,
            "Unmasked_RMSE": 2.3861870685589348e-08,
            "Avg_Dice": 0.9497817470080582,
            "Dice_Empty_Skipped": 0,
            "Spatial_Correlation": 0.9981635312326208,
            "SSIM": 0.9670605889250923,
            "SSIM_Skipped_Frames": 0
        }
    }
}