{
    "grid": 250,
    "seed": 100,
    "cytokine": "il10",
    "best_params": {
        "p": 128,
        "hidden": 128,
        "learning_rate": 0.000603702712076518,
        "batch_size": 4,
        "chunk_size": 2048
    },
    "optuna_best_val_loss": 0.0001869284292880389,
    "train_time_seconds": 3430.28,
    "results": {
        "Near_Horizon_t82_t91": {
            "Global_R2": 0.9991720026082301,
            "Per_Timestep_R2": [
                0.9986446421093291,
                0.9965365498182671,
                0.9998861965647218,
                0.9998592260064381,
                0.9994039734845207,
                0.9989210278732702,
                0.9993329609123077,
                0.9997169829537466,
                0.9997004704665827,
                0.9996763728013434
            ],
            "Masked_RMSE": 3.7528956638023055e-13,
            "Unmasked_RMSE": 8.105476556150527e-13,
            "Avg_Dice": 0.9970241492588918,
            "Dice_Empty_Skipped": 0,
            "Spatial_Correlation": 0.9997589815626682,
            "SSIM": 0.998702296320135,
            "SSIM_Skipped_Frames": 0
        },
        "Far_Horizon_t92_t100": {
            "Global_R2": 0.998091619872679,
            "Per_Timestep_R2": [
                0.998813777463502,
                0.9971215231138442,
                0.9962424995029004,
                0.9974199736711044,
                0.9985793773108668,
                0.9985010418278442,
                0.9984144280336391,
                0.9987094974672498,
                0.9990085130130041
            ],
            "Masked_RMSE": 8.455859477373014e-13,
            "Unmasked_RMSE": 1.244569951431135e-12,
            "Avg_Dice": 0.9950216892812889,
            "Dice_Empty_Skipped": 0,
            "Spatial_Correlation": 0.9991490236991851,
            "SSIM": 0.9947308191314698,
            "SSIM_Skipped_Frames": 0
        }
    }
}