{
    "grid": 100,
    "seed": 100,
    "cytokine": "il10",
    "best_params": {
        "p": 256,
        "hidden": 256,
        "learning_rate": 0.000781195551635316,
        "batch_size": 4,
        "chunk_size": 2048
    },
    "optuna_best_val_loss": 0.0005478003642145687,
    "train_time_seconds": 924.99,
    "results": {
        "Near_Horizon_t82_t91": {
            "Global_R2": 0.9893236950616462,
            "Per_Timestep_R2": [
                0.97974700240655,
                0.9891818708779135,
                0.9889714507156876,
                0.988633871089997,
                0.9981899494970121,
                0.9883740377733408,
                0.9779662442294036,
                0.9976890486028029,
                0.9876594794926823,
                0.9974185209276877
            ],
            "Masked_RMSE": 9.234061326743912e-11,
            "Unmasked_RMSE": 1.4966485273648676e-10,
            "Avg_Dice": 0.9975337611561486,
            "Dice_Empty_Skipped": 0,
            "Spatial_Correlation": 0.9967035385963606,
            "SSIM": 0.9679866354561997,
            "SSIM_Skipped_Frames": 0
        },
        "Far_Horizon_t92_t100": {
            "Global_R2": 0.9838130698814854,
            "Per_Timestep_R2": [
                0.9773308153136556,
                0.986998583965847,
                0.9480947888525705,
                0.997173200106543,
                0.9775629592030058,
                0.9971936519913986,
                0.9972116706399985,
                0.9869118143813262,
                0.9867790392555531
            ],
            "Masked_RMSE": 1.0412265541494752e-10,
            "Unmasked_RMSE": 1.827324981170752e-10,
            "Avg_Dice": 0.9965447486195276,
            "Dice_Empty_Skipped": 0,
            "Spatial_Correlation": 0.9953952331897168,
            "SSIM": 0.975364513406222,
            "SSIM_Skipped_Frames": 0
        }
    }
}