{
    "grid": 250,
    "seed": 1,
    "cytokine": "il8",
    "best_params": {
        "p": 64,
        "hidden": 256,
        "learning_rate": 0.00046721660306130256,
        "batch_size": 4,
        "chunk_size": 2048
    },
    "optuna_best_val_loss": 1.636745124554951e-05,
    "train_time_seconds": 1416.64,
    "results": {
        "Near_Horizon_t82_t91": {
            "Global_R2": 0.9973931446174603,
            "Per_Timestep_R2": [
                0.9994626756957344,
                0.9988586338445488,
                0.9983812217217363,
                0.9979134057353295,
                0.997631115976582,
                0.9974551361124167,
                0.9967456329382082,
                0.9963396715216803,
                0.9960034905275983,
                0.9956016301157298
            ],
            "Masked_RMSE": 7.064952668866068e-10,
            "Unmasked_RMSE": 4.991774380108671e-10,
            "Avg_Dice": 0.9819554072997159,
            "Dice_Empty_Skipped": 0,
            "Spatial_Correlation": 0.9994786793135685,
            "SSIM": 0.973371447884513,
            "SSIM_Skipped_Frames": 0
        },
        "Far_Horizon_t92_t100": {
            "Global_R2": 0.9943033589640543,
            "Per_Timestep_R2": [
                0.9950833528198338,
                0.9950647190871227,
                0.9950243120583011,
                0.9945030463026843,
                0.9942255492766697,
                0.9939966152520492,
                0.9939009632891879,
                0.9936189940223417,
                0.9934583166538125
            ],
            "Masked_RMSE": 1.1262794275234602e-09,
            "Unmasked_RMSE": 7.857678893619797e-10,
            "Avg_Dice": 0.9730027104666727,
            "Dice_Empty_Skipped": 0,
            "Spatial_Correlation": 0.998718093019058,
            "SSIM": 0.9499308728888973,
            "SSIM_Skipped_Frames": 0
        }
    }
}