{
    "grid": 100,
    "seed": 42,
    "cytokine": "il8",
    "best_params": {
        "p": 64,
        "hidden": 256,
        "learning_rate": 0.0009112136566735866,
        "batch_size": 4,
        "chunk_size": 2048
    },
    "optuna_best_val_loss": 2.701194716792088e-05,
    "train_time_seconds": 327.2,
    "results": {
        "Near_Horizon_t82_t91": {
            "Global_R2": 0.9976372547786659,
            "Per_Timestep_R2": [
                0.9992475949550057,
                0.999466243865362,
                0.9987837795661464,
                0.9978505656479957,
                0.9977478891174978,
                0.9967651421693531,
                0.9976452175426754,
                0.9968766659682109,
                0.9969996861337624,
                0.995352510305886
            ],
            "Masked_RMSE": 5.510252421299885e-09,
            "Unmasked_RMSE": 1.0299086460714539e-08,
            "Avg_Dice": 0.9777117920012015,
            "Dice_Empty_Skipped": 0,
            "Spatial_Correlation": 0.9998028097218709,
            "SSIM": 0.9548491225599349,
            "SSIM_Skipped_Frames": 0
        },
        "Far_Horizon_t92_t100": {
            "Global_R2": 0.9911737809858073,
            "Per_Timestep_R2": [
                0.9965563520437487,
                0.9923598479692987,
                0.9938644378741575,
                0.9938019614312158,
                0.9916544975376653,
                0.98984519007964,
                0.9900904540251669,
                0.9875732818920587,
                0.9855352292835157
            ],
            "Masked_RMSE": 1.1923952621773628e-08,
            "Unmasked_RMSE": 2.097868888426317e-08,
            "Avg_Dice": 0.962523396104835,
            "Dice_Empty_Skipped": 0,
            "Spatial_Correlation": 0.9993616675425531,
            "SSIM": 0.8899057500082992,
            "SSIM_Skipped_Frames": 0
        }
    }
}