{
    "grid": 100,
    "seed": 1,
    "cytokine": "il8",
    "best_params": {
        "p": 128,
        "hidden": 256,
        "learning_rate": 0.0006144567832072848,
        "batch_size": 4,
        "chunk_size": 4096
    },
    "optuna_best_val_loss": 3.291464327048743e-05,
    "train_time_seconds": 284.34,
    "results": {
        "Near_Horizon_t82_t91": {
            "Global_R2": 0.9986477714285101,
            "Per_Timestep_R2": [
                0.9994335735997225,
                0.999397920821765,
                0.9992772437783197,
                0.9990886315056028,
                0.9990017084190171,
                0.9986394846584714,
                0.9986255031875269,
                0.9981995906065338,
                0.9979300359571928,
                0.9971036268992727
            ],
            "Masked_RMSE": 3.11473041104202e-08,
            "Unmasked_RMSE": 7.791396596663455e-09,
            "Avg_Dice": 0.9905223023531177,
            "Dice_Empty_Skipped": 0,
            "Spatial_Correlation": 0.999603346620417,
            "SSIM": 0.9796548404358247,
            "SSIM_Skipped_Frames": 0
        },
        "Far_Horizon_t92_t100": {
            "Global_R2": 0.9953947422624203,
            "Per_Timestep_R2": [
                0.9973678589470748,
                0.9958546202120925,
                0.9961646848130004,
                0.9961159937328853,
                0.9953974710188019,
                0.9948192535496243,
                0.99487085433398,
                0.9943166384083177,
                0.9938718766463367
            ],
            "Masked_RMSE": 5.348802823488573e-08,
            "Unmasked_RMSE": 1.5153674797326182e-08,
            "Avg_Dice": 0.9822854819474472,
            "Dice_Empty_Skipped": 0,
            "Spatial_Correlation": 0.9985271967018117,
            "SSIM": 0.9352282698587027,
            "SSIM_Skipped_Frames": 0
        }
    }
}