{
    "grid": 100,
    "seed": 42,
    "cytokine": "il10",
    "best_params": {
        "p": 64,
        "hidden": 256,
        "learning_rate": 0.0009951965449831017,
        "batch_size": 8,
        "chunk_size": 2048
    },
    "optuna_best_val_loss": 0.0005203604928932951,
    "train_time_seconds": 271.03,
    "results": {
        "Near_Horizon_t82_t91": {
            "Global_R2": 0.989195200905718,
            "Per_Timestep_R2": [
                0.9793128022075911,
                0.9889616441452035,
                0.9886366898530605,
                0.9884184865329928,
                0.9981206405824155,
                0.9882157885328875,
                0.9781312046103778,
                0.9977528395141011,
                0.9875769657015525,
                0.9974410948984337
            ],
            "Masked_RMSE": 8.974301697061508e-11,
            "Unmasked_RMSE": 1.5056280109143843e-10,
            "Avg_Dice": 0.9975337611561486,
            "Dice_Empty_Skipped": 0,
            "Spatial_Correlation": 0.9962905743234393,
            "SSIM": 0.985468827144026,
            "SSIM_Skipped_Frames": 0
        },
        "Far_Horizon_t92_t100": {
            "Global_R2": 0.9832511387773776,
            "Per_Timestep_R2": [
                0.9770106606415322,
                0.9868632375664244,
                0.9479310954320704,
                0.9968455409983452,
                0.9769230145666196,
                0.9965870060608721,
                0.996355179611678,
                0.9859721875266793,
                0.9856931974196431
            ],
            "Masked_RMSE": 1.1362325130660208e-10,
            "Unmasked_RMSE": 1.85877228180336e-10,
            "Avg_Dice": 0.9965447486195276,
            "Dice_Empty_Skipped": 0,
            "Spatial_Correlation": 0.9945850918834342,
            "SSIM": 0.9891060543710635,
            "SSIM_Skipped_Frames": 0
        }
    }
}