{
    "grid": 250,
    "seed": 100,
    "cytokine": "il8",
    "best_params": {
        "p": 64,
        "hidden": 256,
        "learning_rate": 0.00046721660306130256,
        "batch_size": 4,
        "chunk_size": 2048
    },
    "optuna_best_val_loss": 1.636745124554951e-05,
    "train_time_seconds": 4527.42,
    "results": {
        "Near_Horizon_t82_t91": {
            "Global_R2": 0.9995527034856436,
            "Per_Timestep_R2": [
                0.9997188564441093,
                0.9997539772479892,
                0.9997247009895457,
                0.9996831125293086,
                0.9996193575698208,
                0.9995291027273357,
                0.9994962660308964,
                0.9994330284270313,
                0.9993519282018827,
                0.9992758305334479
            ],
            "Masked_RMSE": 4.864746410277493e-10,
            "Unmasked_RMSE": 2.0677319346234312e-10,
            "Avg_Dice": 0.9977093663981342,
            "Dice_Empty_Skipped": 0,
            "Spatial_Correlation": 0.9998942330535089,
            "SSIM": 0.9983034209595454,
            "SSIM_Skipped_Frames": 0
        },
        "Far_Horizon_t92_t100": {
            "Global_R2": 0.9987205721315106,
            "Per_Timestep_R2": [
                0.9992180810560896,
                0.9991028026563082,
                0.9989808455561424,
                0.9988960586941968,
                0.9987789716956881,
                0.9986434557220287,
                0.9984837042133015,
                0.9983323666893998,
                0.9981420083194722
            ],
            "Masked_RMSE": 1.0821843055486694e-09,
            "Unmasked_RMSE": 3.7238549261820806e-10,
            "Avg_Dice": 0.9973956533831877,
            "Dice_Empty_Skipped": 0,
            "Spatial_Correlation": 0.9997978306131783,
            "SSIM": 0.9961533227836363,
            "SSIM_Skipped_Frames": 0
        }
    }
}