{
    "grid": 100,
    "seed": 1,
    "cytokine": "il10",
    "best_params": {
        "p": 64,
        "hidden": 256,
        "learning_rate": 0.0009951965449831017,
        "batch_size": 8,
        "chunk_size": 2048
    },
    "optuna_best_val_loss": 0.0005203604928932951,
    "train_time_seconds": 218.97,
    "results": {
        "Near_Horizon_t82_t91": {
            "Global_R2": 0.987922680346177,
            "Per_Timestep_R2": [
                0.9790665732843411,
                0.9883871002871696,
                0.9881373982884232,
                0.9878240533854024,
                0.9972318985192483,
                0.9869578731012262,
                0.9763935946107771,
                0.9957957341371654,
                0.9851449669888958,
                0.9947745245936377
            ],
            "Masked_RMSE": 6.78006452179535e-11,
            "Unmasked_RMSE": 1.5918224242085704e-10,
            "Avg_Dice": 0.9975337611561486,
            "Dice_Empty_Skipped": 0,
            "Spatial_Correlation": 0.9950916623347581,
            "SSIM": 0.9927197947858228,
            "SSIM_Skipped_Frames": 0
        },
        "Far_Horizon_t92_t100": {
            "Global_R2": 0.9792511767521683,
            "Per_Timestep_R2": [
                0.9738964394294426,
                0.9837721079698751,
                0.9442926942496076,
                0.9930959305468403,
                0.9730304998423509,
                0.9924131491507763,
                0.9918417621637181,
                0.9811604922987128,
                0.9806547527986188
            ],
            "Masked_RMSE": 9.636270053336448e-11,
            "Unmasked_RMSE": 2.0688560851838579e-10,
            "Avg_Dice": 0.9965447486195276,
            "Dice_Empty_Skipped": 0,
            "Spatial_Correlation": 0.991808017285432,
            "SSIM": 0.9849134181375994,
            "SSIM_Skipped_Frames": 0
        }
    }
}