{
    "grid": 250,
    "seed": 100,
    "cytokine": "il8",
    "best_params": {
        "p": 128,
        "hidden": 128,
        "learning_rate": 0.000603702712076518,
        "batch_size": 4,
        "chunk_size": 2048
    },
    "optuna_best_val_loss": 1.9229224376314774e-05,
    "train_time_seconds": 3194.45,
    "results": {
        "Near_Horizon_t82_t91": {
            "Global_R2": 0.9990441406037927,
            "Per_Timestep_R2": [
                0.9994372743180959,
                0.9994023972482243,
                0.9993288598325317,
                0.9992475843928507,
                0.9991587687295252,
                0.9990146625368462,
                0.9989273240792466,
                0.9987946171612428,
                0.9986767331479816,
                0.9985632612179168
            ],
            "Masked_RMSE": 1.225795394079001e-09,
            "Unmasked_RMSE": 3.022689135812269e-10,
            "Avg_Dice": 0.9944139498361457,
            "Dice_Empty_Skipped": 0,
            "Spatial_Correlation": 0.9997562598180721,
            "SSIM": 0.9863975577848032,
            "SSIM_Skipped_Frames": 0
        },
        "Far_Horizon_t92_t100": {
            "Global_R2": 0.9975788241490064,
            "Per_Timestep_R2": [
                0.998441412253096,
                0.9982690607004203,
                0.9980845413732294,
                0.9979444395902908,
                0.9977113773574767,
                0.9974555206340655,
                0.9971535321944377,
                0.9968474777971088,
                0.9964734232089208
            ],
            "Masked_RMSE": 2.1511542203715134e-09,
            "Unmasked_RMSE": 5.122689312887035e-10,
            "Avg_Dice": 0.9945354796594987,
            "Dice_Empty_Skipped": 0,
            "Spatial_Correlation": 0.9994740467771367,
            "SSIM": 0.9799241774422858,
            "SSIM_Skipped_Frames": 0
        }
    }
}