{
    "grid": 250,
    "seed": 1,
    "cytokine": "il10",
    "best_params": {
        "p": 256,
        "hidden": 256,
        "learning_rate": 0.0009284777581295406,
        "batch_size": 4,
        "chunk_size": 2048
    },
    "optuna_best_val_loss": 0.00018248188709362576,
    "train_time_seconds": 3225.8,
    "results": {
        "Near_Horizon_t82_t91": {
            "Global_R2": 0.9983140254861408,
            "Per_Timestep_R2": [
                0.9985344519257237,
                0.9962815120560132,
                0.9994352615858831,
                0.9992040848142372,
                0.998580291213886,
                0.9981302750390676,
                0.9982540114495908,
                0.9985034527973146,
                0.9982961183561875,
                0.9979190347061977
            ],
            "Masked_RMSE": 1.2365553967220154e-12,
            "Unmasked_RMSE": 1.1566170026135192e-12,
            "Avg_Dice": 0.9970279993009529,
            "Dice_Empty_Skipped": 0,
            "Spatial_Correlation": 0.9997755072311617,
            "SSIM": 0.867353335121902,
            "SSIM_Skipped_Frames": 0
        },
        "Far_Horizon_t92_t100": {
            "Global_R2": 0.9936342211835267,
            "Per_Timestep_R2": [
                0.9966900480602225,
                0.994676463871408,
                0.993576128419534,
                0.9942660980961922,
                0.9949244813964662,
                0.9939887054441706,
                0.9927068758462841,
                0.9916979398848955,
                0.9902416424443842
            ],
            "Masked_RMSE": 2.5775133298404185e-12,
            "Unmasked_RMSE": 2.273069113987411e-12,
            "Avg_Dice": 0.9935526079170194,
            "Dice_Empty_Skipped": 0,
            "Spatial_Correlation": 0.9994276194754709,
            "SSIM": 0.6861024946070282,
            "SSIM_Skipped_Frames": 0
        }
    }
}