{
    "grid": 50,
    "seed": 42,
    "cytokine": "il10",
    "best_params": {
        "p": 64,
        "hidden": 256,
        "learning_rate": 0.0009914405213976225,
        "batch_size": 8,
        "chunk_size": 2048
    },
    "optuna_best_val_loss": 0.0007179642513316745,
    "results": {
        "Near_Horizon_t82_t91": {
            "Global_R2": 0.9891566163281421,
            "Per_Timestep_R2": [
                0.9511162301569305,
                0.9991403347030838,
                0.951834079619554,
                0.9994366915226398,
                0.9993142719277791,
                0.9993474610429216,
                0.9963903793550737,
                0.9991305335564551,
                0.9991604078688251,
                0.999061475712599
            ],
            "Masked_RMSE": 5.4554976129248804e-11,
            "Unmasked_RMSE": 8.819425865515396e-10,
            "Avg_Dice": 0.9974021592442581,
            "Dice_Empty_Skipped": 0,
            "Spatial_Correlation": 0.9992258386824968,
            "SSIM": 0.986524912694172,
            "SSIM_Skipped_Frames": 0
        },
        "Far_Horizon_t92_t100": {
            "Global_R2": 0.9848552819084522,
            "Per_Timestep_R2": [
                0.9991235502779829,
                0.9486283633138121,
                0.9507605023878939,
                0.9744332428403006,
                0.9986721080306006,
                0.9985967867650303,
                0.9985175283900404,
                0.9984062978717673,
                0.9982951854241715
            ],
            "Masked_RMSE": 9.891785715482548e-11,
            "Unmasked_RMSE": 1.0367639876774016e-09,
            "Avg_Dice": 0.9965907615662923,
            "Dice_Empty_Skipped": 0,
            "Spatial_Correlation": 0.998514865169217,
            "SSIM": 0.9914903158019409,
            "SSIM_Skipped_Frames": 0
        }
    }
}