{
    "grid": 250,
    "seed": 1,
    "cytokine": "il10",
    "best_params": {
        "p": 64,
        "hidden": 256,
        "learning_rate": 0.0009112136566735866,
        "batch_size": 4,
        "chunk_size": 2048
    },
    "optuna_best_val_loss": 0.000194264868719657,
    "train_time_seconds": 1622.65,
    "results": {
        "Near_Horizon_t82_t91": {
            "Global_R2": 0.9989092683452439,
            "Per_Timestep_R2": [
                0.9984227608410409,
                0.9963600837154521,
                0.9997469901463428,
                0.9997388063784736,
                0.9992682803707428,
                0.9987811881639123,
                0.9990959707621176,
                0.9994112364801909,
                0.9992493727494612,
                0.9989855468749663
            ],
            "Masked_RMSE": 4.590539998577691e-13,
            "Unmasked_RMSE": 9.303000155978033e-13,
            "Avg_Dice": 0.9863133057781959,
            "Dice_Empty_Skipped": 0,
            "Spatial_Correlation": 0.9996237469380018,
            "SSIM": 0.9970155659616639,
            "SSIM_Skipped_Frames": 0
        },
        "Far_Horizon_t92_t100": {
            "Global_R2": 0.9959949811637967,
            "Per_Timestep_R2": [
                0.9979506543643485,
                0.9959981478484995,
                0.9948884061036584,
                0.9957343036878918,
                0.9965636267943371,
                0.9961588752679242,
                0.9956930314174295,
                0.9956346238873972,
                0.9953534297357474
            ],
            "Masked_RMSE": 1.122137908267165e-12,
            "Unmasked_RMSE": 1.8029726967614078e-12,
            "Avg_Dice": 0.9016680693600423,
            "Dice_Empty_Skipped": 0,
            "Spatial_Correlation": 0.9984163424500175,
            "SSIM": 0.9908476711840274,
            "SSIM_Skipped_Frames": 0
        }
    }
}