{
    "grid": 250,
    "seed": 1,
    "cytokine": "il8",
    "best_params": {
        "p": 128,
        "hidden": 256,
        "learning_rate": 0.0008597863855323274,
        "batch_size": 4,
        "chunk_size": 4096
    },
    "optuna_best_val_loss": 1.2082217381248483e-05,
    "train_time_seconds": 1357.01,
    "results": {
        "Near_Horizon_t82_t91": {
            "Global_R2": 0.9988426762501053,
            "Per_Timestep_R2": [
                0.9995540983237493,
                0.9992887054953676,
                0.9991133314964141,
                0.9989657136206465,
                0.998945926822706,
                0.9989079028558945,
                0.9986776615728439,
                0.99847295234146,
                0.9983713409750563,
                0.9982748940790692
            ],
            "Masked_RMSE": 4.272682092539996e-10,
            "Unmasked_RMSE": 3.326012759854118e-10,
            "Avg_Dice": 0.9909605026981823,
            "Dice_Empty_Skipped": 0,
            "Spatial_Correlation": 0.9996671038795955,
            "SSIM": 0.9847583133132949,
            "SSIM_Skipped_Frames": 0
        },
        "Far_Horizon_t92_t100": {
            "Global_R2": 0.9971486795877723,
            "Per_Timestep_R2": [
                0.9980907953944672,
                0.9979650013732019,
                0.9977638191825046,
                0.9974961559536014,
                0.9972310266756834,
                0.9969543449943394,
                0.9966781504179285,
                0.9963617149285399,
                0.9959848976984913
            ],
            "Masked_RMSE": 7.493711675800709e-10,
            "Unmasked_RMSE": 5.559143206495499e-10,
            "Avg_Dice": 0.9913157047640075,
            "Dice_Empty_Skipped": 0,
            "Spatial_Correlation": 0.9993326456527531,
            "SSIM": 0.976691273845637,
            "SSIM_Skipped_Frames": 0
        }
    }
}