{
    "grid": 250,
    "seed": 42,
    "cytokine": "il10",
    "best_params": {
        "p": 64,
        "hidden": 256,
        "learning_rate": 0.0009112136566735866,
        "batch_size": 4,
        "chunk_size": 2048
    },
    "optuna_best_val_loss": 0.000194264868719657,
    "train_time_seconds": 1226.11,
    "results": {
        "Near_Horizon_t82_t91": {
            "Global_R2": 0.998124720795119,
            "Per_Timestep_R2": [
                0.998259511822478,
                0.9960456766576306,
                0.9992910072309051,
                0.999163419373945,
                0.9985989125638062,
                0.9979880890323148,
                0.9981964077517228,
                0.9982668074140482,
                0.9979115799758768,
                0.9975267049126277
            ],
            "Masked_RMSE": 7.223723476222701e-13,
            "Unmasked_RMSE": 1.2198236198318933e-12,
            "Avg_Dice": 0.954490021149827,
            "Dice_Empty_Skipped": 0,
            "Spatial_Correlation": 0.999338842510138,
            "SSIM": 0.9957450335271323,
            "SSIM_Skipped_Frames": 0
        },
        "Far_Horizon_t92_t100": {
            "Global_R2": 0.9937731169762472,
            "Per_Timestep_R2": [
                0.996209076131924,
                0.9941205199553859,
                0.99276664174152,
                0.9934735360350511,
                0.9941894092308158,
                0.9937669311981348,
                0.9932682128367346,
                0.993090357616214,
                0.9931035197902133
            ],
            "Masked_RMSE": 1.5034852098218428e-12,
            "Unmasked_RMSE": 2.2481341471068627e-12,
            "Avg_Dice": 0.905792504652249,
            "Dice_Empty_Skipped": 0,
            "Spatial_Correlation": 0.9982496540304001,
            "SSIM": 0.990550617329775,
            "SSIM_Skipped_Frames": 0
        }
    }
}