{
    "grid": 100,
    "seed": 100,
    "cytokine": "il10",
    "best_params": {
        "p": 64,
        "hidden": 256,
        "learning_rate": 0.0009951965449831017,
        "batch_size": 8,
        "chunk_size": 2048
    },
    "optuna_best_val_loss": 0.0005203604928932951,
    "train_time_seconds": 176.89,
    "results": {
        "Near_Horizon_t82_t91": {
            "Global_R2": 0.9880571630573586,
            "Per_Timestep_R2": [
                0.9787872680162214,
                0.9881914116177102,
                0.9879532438429017,
                0.9876441245889929,
                0.9971790651441762,
                0.9871242728342593,
                0.9766889059030106,
                0.9962144638230236,
                0.985796893647495,
                0.9955356025022113
            ],
            "Masked_RMSE": 8.23621962577664e-11,
            "Unmasked_RMSE": 1.5829350272106572e-10,
            "Avg_Dice": 0.9975337611561486,
            "Dice_Empty_Skipped": 0,
            "Spatial_Correlation": 0.9953821294654114,
            "SSIM": 0.9922514070061508,
            "SSIM_Skipped_Frames": 0
        },
        "Far_Horizon_t92_t100": {
            "Global_R2": 0.9804610499915496,
            "Per_Timestep_R2": [
                0.9748360616883174,
                0.9846668766418422,
                0.9454684228474914,
                0.994212125317114,
                0.9742030237516244,
                0.9936335853457522,
                0.9932188377251999,
                0.982624216170475,
                0.9821892006866854
            ],
            "Masked_RMSE": 8.90505523067831e-11,
            "Unmasked_RMSE": 2.00763221753099e-10,
            "Avg_Dice": 0.9965447486195276,
            "Dice_Empty_Skipped": 0,
            "Spatial_Correlation": 0.9928387625188881,
            "SSIM": 0.9863472605424685,
            "SSIM_Skipped_Frames": 0
        }
    }
}