{
    "grid": 100,
    "seed": 100,
    "cytokine": "il8",
    "best_params": {
        "p": 256,
        "hidden": 256,
        "learning_rate": 0.0003827562066759623,
        "batch_size": 4,
        "chunk_size": 2048
    },
    "optuna_best_val_loss": 2.581084355859695e-05,
    "train_time_seconds": 430.58,
    "results": {
        "Near_Horizon_t82_t91": {
            "Global_R2": 0.9986405197904197,
            "Per_Timestep_R2": [
                0.9993657428948857,
                0.9995443320063068,
                0.9991944485076628,
                0.9986863477261719,
                0.9986512830771641,
                0.9981743495293007,
                0.998568416407617,
                0.9982253620316754,
                0.9984335841081384,
                0.9977217393182268
            ],
            "Masked_RMSE": 7.197458893723072e-09,
            "Unmasked_RMSE": 7.812260244594238e-09,
            "Avg_Dice": 0.9834406280094129,
            "Dice_Empty_Skipped": 0,
            "Spatial_Correlation": 0.9998702471231425,
            "SSIM": 0.9635056798434949,
            "SSIM_Skipped_Frames": 0
        },
        "Far_Horizon_t92_t100": {
            "Global_R2": 0.9975429820112767,
            "Per_Timestep_R2": [
                0.9986907253415646,
                0.9969860609035761,
                0.997913006421645,
                0.9981214024419783,
                0.9976428455238139,
                0.9973319217496175,
                0.9975822928497898,
                0.9969977459399512,
                0.9967136116870479
            ],
            "Masked_RMSE": 9.774830178671264e-09,
            "Unmasked_RMSE": 1.1068662886302235e-08,
            "Avg_Dice": 0.9786340579366917,
            "Dice_Empty_Skipped": 0,
            "Spatial_Correlation": 0.999785055511346,
            "SSIM": 0.9366465304687883,
            "SSIM_Skipped_Frames": 0
        }
    }
}