{
    "grid": 250,
    "seed": 42,
    "cytokine": "il8",
    "best_params": {
        "p": 64,
        "hidden": 256,
        "learning_rate": 0.00046721660306130256,
        "batch_size": 4,
        "chunk_size": 2048
    },
    "optuna_best_val_loss": 1.636745124554951e-05,
    "train_time_seconds": 2397.89,
    "results": {
        "Near_Horizon_t82_t91": {
            "Global_R2": 0.9983764747040114,
            "Per_Timestep_R2": [
                0.9992300648861089,
                0.9994424342585598,
                0.9993308850363531,
                0.9991443974998634,
                0.9986560742604633,
                0.9980019017165525,
                0.9980793796669535,
                0.9980290386010272,
                0.9975879486959177,
                0.9965811483871165
            ],
            "Masked_RMSE": 2.469831561031552e-10,
            "Unmasked_RMSE": 3.939363059493282e-10,
            "Avg_Dice": 0.9908616712304517,
            "Dice_Empty_Skipped": 0,
            "Spatial_Correlation": 0.9998578010721322,
            "SSIM": 0.9534628236591232,
            "SSIM_Skipped_Frames": 0
        },
        "Far_Horizon_t92_t100": {
            "Global_R2": 0.9904115925139513,
            "Per_Timestep_R2": [
                0.996022564722313,
                0.9946220020106786,
                0.9935097034387038,
                0.9926314988027998,
                0.9915256614079317,
                0.9898515814653814,
                0.9878773334856935,
                0.9860711095411908,
                0.982718134523088
            ],
            "Masked_RMSE": 7.605641747684811e-10,
            "Unmasked_RMSE": 1.01943159963163e-09,
            "Avg_Dice": 0.9787564704441952,
            "Dice_Empty_Skipped": 0,
            "Spatial_Correlation": 0.9997125105558297,
            "SSIM": 0.8455093317391412,
            "SSIM_Skipped_Frames": 0
        }
    }
}