{
    "with_lbfgs": {
        "near": {
            "R2": 0.8554796369907615,
            "Masked_RMSE": 4.329184945814727e-07,
            "Unmasked_RMSE": 8.054800330314912e-08,
            "Dice": 0.9200946224333129,
            "Corr": 0.9249658968276013,
            "SSIM": 0.8084413690272072
        },
        "far": {
            "R2": 0.8593470279644938,
            "Masked_RMSE": 4.337008618747841e-07,
            "Unmasked_RMSE": 8.374626540487882e-08,
            "Dice": 0.9213265780254952,
            "Corr": 0.9272416156849045,
            "SSIM": 0.8003948011912717
        },
        "adam_time": 446.31900429725647,
        "lbfgs_time": 1709.7002148628235
    },
    "without_lbfgs": {
        "near": {
            "R2": 0.43132251733099103,
            "Masked_RMSE": 7.75408572783293e-07,
            "Unmasked_RMSE": 1.597803151643289e-07,
            "Dice": 0.8210161974885661,
            "Corr": 0.6692241918479165,
            "SSIM": 0.3016599389334774
        },
        "far": {
            "R2": 0.396002643172635,
            "Masked_RMSE": 8.125139817874228e-07,
            "Unmasked_RMSE": 1.7354356374217526e-07,
            "Dice": 0.8279993451523163,
            "Corr": 0.6464886880063035,
            "SSIM": 0.26927201931431183
        },
        "adam_time": 446.20808124542236,
        "lbfgs_time": 0.0
    }
}