{
    "grid": 100,
    "seed": 42,
    "cytokine": "il10",
    "best_params": {
        "hidden": 50,
        "n_layers": 4,
        "learning_rate": 0.002871201825608864,
        "lambda_pde": 0.062324098482794375,
        "lambda_ic": 0.5296294070911848,
        "lambda_bc": 0.013754568702283273
    },
    "optuna_best_val_loss": 0.04205123254952603,
    "train_time_seconds": 2348.32,
    "results": {
        "Near_Horizon_t82_t91": {
            "Global_R2": 0.16099290857125337,
            "Per_Timestep_R2": [
                0.17596495445378835,
                0.17236295341654595,
                0.16885803426620138,
                0.16480479151372973,
                0.16256946010854723,
                0.16089441515402392,
                0.15524371150299743,
                0.15283987239597763,
                0.1486513936645365,
                0.14620819309731048
            ],
            "Masked_RMSE": 6.935291200233824e-10,
            "Unmasked_RMSE": 1.3267593400491832e-09,
            "Avg_Dice": 0.24913754365396473,
            "Dice_Empty_Skipped": 0,
            "Spatial_Correlation": 0.41389717232687573,
            "SSIM": 0.45142024290582744,
            "SSIM_Skipped_Frames": 0
        },
        "Far_Horizon_t92_t100": {
            "Global_R2": 0.12171924731851247,
            "Per_Timestep_R2": [
                0.14062911724540705,
                0.13662956144932226,
                0.127422961512198,
                0.12484449705478495,
                0.11937967283342743,
                0.11670537131506631,
                0.11396356587896317,
                0.10983350191407859,
                0.1058290646508423
            ],
            "Masked_RMSE": 6.280764708237424e-10,
            "Unmasked_RMSE": 1.3460160182982735e-09,
            "Avg_Dice": 0.2443789829130639,
            "Dice_Empty_Skipped": 0,
            "Spatial_Correlation": 0.377211672247578,
            "SSIM": 0.4300971710963128,
            "SSIM_Skipped_Frames": 0
        }
    }
}