{
    "grid": 100,
    "seed": 42,
    "cytokine": "il10",
    "best_params": {
        "hidden": 50,
        "n_layers": 4,
        "learning_rate": 0.0020487322705435304,
        "lambda_pde": 0.045655940454458394,
        "lambda_ic": 1.2114291632825032,
        "lambda_bc": 0.003421881933663934
    },
    "optuna_best_val_loss": 0.042059954837443875,
    "train_time_seconds": 5539.5,
    "results": {
        "Near_Horizon_t82_t91": {
            "Global_R2": 0.050217975080332655,
            "Per_Timestep_R2": [
                0.05683634648371294,
                0.05552918444031851,
                0.05431750858508644,
                0.052789506350236604,
                0.05143004410177421,
                0.05033122547364288,
                0.04790349671062555,
                0.046298187052188244,
                0.043882678408328823,
                0.042093184563433694
            ],
            "Masked_RMSE": 7.491675670979215e-10,
            "Unmasked_RMSE": 1.411631402449797e-09,
            "Avg_Dice": 0.14461221121414222,
            "Dice_Empty_Skipped": 0,
            "Spatial_Correlation": 0.22584939208650356,
            "SSIM": 0.28093093172599887,
            "SSIM_Skipped_Frames": 0
        },
        "Far_Horizon_t92_t100": {
            "Global_R2": 0.030282967485963708,
            "Per_Timestep_R2": [
                0.03892371484987278,
                0.03651880119690243,
                0.034919983878062055,
                0.03290564494847459,
                0.029979350820546036,
                0.02788010593227963,
                0.025767721950724187,
                0.02382580430746395,
                0.021585004804316577
            ],
            "Masked_RMSE": 6.812844601382441e-10,
            "Unmasked_RMSE": 1.4143472730853618e-09,
            "Avg_Dice": 0.13247330794492396,
            "Dice_Empty_Skipped": 0,
            "Spatial_Correlation": 0.18654678207549247,
            "SSIM": 0.25792536242802927,
            "SSIM_Skipped_Frames": 0
        }
    }
}