{
    "grid": 250,
    "seed": 42,
    "cytokine": "il8",
    "best_params": {
        "hidden": 50,
        "n_layers": 4,
        "learning_rate": 0.0006323859458525686,
        "lambda_pde": 0.005037513438331473,
        "lambda_ic": 0.10578105428277579,
        "lambda_bc": 0.01353066381241184
    },
    "optuna_best_val_loss": 0.043020213285937005,
    "train_time_seconds": 2702.07,
    "results": {
        "Near_Horizon_t82_t91": {
            "Global_R2": 0.7545211434828559,
            "Per_Timestep_R2": [
                0.7444239261304004,
                0.7467164887115982,
                0.7489537760908289,
                0.7511370120297747,
                0.7532673051228498,
                0.7553457683260918,
                0.7573735510101788,
                0.7593516985563574,
                0.7612811880951262,
                0.7631629915735939
            ],
            "Masked_RMSE": 2.418964572363141e-08,
            "Unmasked_RMSE": 4.843993191360775e-09,
            "Avg_Dice": 0.9560031036540082,
            "Dice_Empty_Skipped": 0,
            "Spatial_Correlation": 0.869060841598513,
            "SSIM": 0.5812528961454049,
            "SSIM_Skipped_Frames": 0
        },
        "Far_Horizon_t92_t100": {
            "Global_R2": 0.7719955934561329,
            "Per_Timestep_R2": [
                0.7649980637268421,
                0.7667873319035388,
                0.7685316539709479,
                0.7702318586763257,
                0.7718887577007872,
                0.7735031722893333,
                0.7750758387642682,
                0.7766075490022746,
                0.7780989994693055
            ],
            "Masked_RMSE": 2.447710593897227e-08,
            "Unmasked_RMSE": 4.971145452717381e-09,
            "Avg_Dice": 0.9612914852881109,
            "Dice_Empty_Skipped": 0,
            "Spatial_Correlation": 0.8790391696197094,
            "SSIM": 0.5803568859290251,
            "SSIM_Skipped_Frames": 0
        }
    }
}