{
    "grid": 250,
    "seed": 1,
    "cytokine": "il10",
    "best_params": {
        "hidden": 64,
        "n_layers": 4,
        "learning_rate": 0.0002789916501431784,
        "lambda_pde": 0.22815201702138269,
        "lambda_ic": 2.397622727424071,
        "lambda_bc": 0.010057898613605202
    },
    "optuna_best_val_loss": 0.14716576062669745,
    "train_time_seconds": 3058.98,
    "results": {
        "Near_Horizon_t82_t91": {
            "Global_R2": 0.021626524189655383,
            "Per_Timestep_R2": [
                0.023248321616803347,
                0.02295647104676357,
                0.02263307718321561,
                0.022293700392733373,
                0.021923668412263564,
                0.02148179243903703,
                0.02105649486319794,
                0.020642920990006086,
                0.020213567970786328,
                0.019767730470435674
            ],
            "Masked_RMSE": 1.4473802412344385e-11,
            "Unmasked_RMSE": 2.7862264116861883e-11,
            "Avg_Dice": 0.2485825101264961,
            "Dice_Empty_Skipped": 0,
            "Spatial_Correlation": 0.15344939008469613,
            "SSIM": 0.11887741220096457,
            "SSIM_Skipped_Frames": 0
        },
        "Far_Horizon_t92_t100": {
            "Global_R2": 0.01733300378307412,
            "Per_Timestep_R2": [
                0.0192775418826705,
                0.01886662461396371,
                0.018381925569130875,
                0.017937456117661066,
                0.017404903423556384,
                0.016851581096365642,
                0.016315349323453354,
                0.015747407221997745,
                0.01517117222096065
            ],
            "Masked_RMSE": 1.5378084592702253e-11,
            "Unmasked_RMSE": 2.824164916293694e-11,
            "Avg_Dice": 0.24994571524889558,
            "Dice_Empty_Skipped": 0,
            "Spatial_Correlation": 0.1463516999076347,
            "SSIM": 0.1103512631978689,
            "SSIM_Skipped_Frames": 0
        }
    }
}