{
    "grid": 250,
    "seed": 100,
    "cytokine": "il8",
    "best_params": {
        "hidden": 50,
        "n_layers": 4,
        "learning_rate": 0.0006323859458525686,
        "lambda_pde": 0.005037513438331473,
        "lambda_ic": 0.10578105428277579,
        "lambda_bc": 0.01353066381241184
    },
    "optuna_best_val_loss": 0.043020213285937005,
    "train_time_seconds": 2657.01,
    "pred_time_seconds": 0.72,
    "results": {
        "Near_Horizon_t82_t91": {
            "Global_R2": 0.7928879915688484,
            "Per_Timestep_R2": [
                0.7843351315062085,
                0.7863076820285877,
                0.7882219313218461,
                0.7900789934574277,
                0.7918799519814208,
                0.7936258709883401,
                0.7953177879980317,
                0.7969566861015602,
                0.7985435492819641,
                0.800079325389301
            ],
            "Masked_RMSE": 2.336496320685174e-08,
            "Unmasked_RMSE": 4.4493761069117034e-09,
            "Avg_Dice": 0.9535564300069692,
            "Dice_Empty_Skipped": 0,
            "Spatial_Correlation": 0.8907334906492922,
            "SSIM": 0.6093003182567921,
            "SSIM_Skipped_Frames": 0
        },
        "Far_Horizon_t92_t100": {
            "Global_R2": 0.807070803675523,
            "Per_Timestep_R2": [
                0.801564919789859,
                0.8030012560707271,
                0.8043892521260636,
                0.8057296558446145,
                0.8070232920536135,
                0.8082709455356135,
                0.809473371236185,
                0.8106313316900492,
                0.8117455613649579
            ],
            "Masked_RMSE": 2.3631591942614267e-08,
            "Unmasked_RMSE": 4.572817065325895e-09,
            "Avg_Dice": 0.959493404521268,
            "Dice_Empty_Skipped": 0,
            "Spatial_Correlation": 0.8985894146720222,
            "SSIM": 0.6074080110633587,
            "SSIM_Skipped_Frames": 0
        }
    }
}