{
    "grid": 100,
    "seed": 100,
    "cytokine": "il10",
    "best_params": {
        "hidden": 50,
        "n_layers": 4,
        "learning_rate": 0.002871201825608864,
        "lambda_pde": 0.062324098482794375,
        "lambda_ic": 0.5296294070911848,
        "lambda_bc": 0.013754568702283273
    },
    "optuna_best_val_loss": 0.04205123254952603,
    "train_time_seconds": 2364.96,
    "results": {
        "Near_Horizon_t82_t91": {
            "Global_R2": 0.10571494785241697,
            "Per_Timestep_R2": [
                0.12998519097451555,
                0.12377413167817908,
                0.11790439545008669,
                0.11260260692075996,
                0.10846276740165017,
                0.10313595636145045,
                0.09703564199625803,
                0.09262349525431723,
                0.0871531414959944,
                0.0820186018820287
            ],
            "Masked_RMSE": 6.971984057495807e-10,
            "Unmasked_RMSE": 1.36976896985315e-09,
            "Avg_Dice": 0.27260296531950445,
            "Dice_Empty_Skipped": 0,
            "Spatial_Correlation": 0.34075007312140515,
            "SSIM": 0.40358220712108406,
            "SSIM_Skipped_Frames": 0
        },
        "Far_Horizon_t92_t100": {
            "Global_R2": 0.03468249523414879,
            "Per_Timestep_R2": [
                0.07450060949168147,
                0.06683319298341195,
                0.05538981691033584,
                0.046200704844881035,
                0.034947721533975185,
                0.023083360359765215,
                0.012232378763870955,
                0.0034318828698065573,
                -0.005512799103210009
            ],
            "Masked_RMSE": 5.628905696712649e-10,
            "Unmasked_RMSE": 1.4111352361612856e-09,
            "Avg_Dice": 0.24248028076375291,
            "Dice_Empty_Skipped": 0,
            "Spatial_Correlation": 0.26866032028915715,
            "SSIM": 0.36371787316979226,
            "SSIM_Skipped_Frames": 0
        }
    }
}