{
    "grid": 50,
    "seed": 42,
    "cytokine": "tgf",
    "best_params": {
        "hidden": 50,
        "n_layers": 4,
        "learning_rate": 0.002820421247173704,
        "lambda_pde": 0.002212023589617426,
        "lambda_ic": 0.11560203927866072,
        "lambda_bc": 0.015599793774712406
    },
    "optuna_best_val_loss": 0.24108336022522497,
    "results": {
        "Interpolation_72_89": {
            "Global_R2": 0.5096998886781425,
            "Masked_RMSE": 9.370424001466946e-08,
            "Avg_Dice": 0.7157563401164567,
            "Spatial_Correlation": 0.7257218577022612,
            "SSIM": 0.6645817609710497
        },
        "Extrapolation_82_100": {
            "Global_R2": 0.3056039899692645,
            "Masked_RMSE": 1.2235786424390896e-07,
            "Avg_Dice": 0.7496354489664642,
            "Spatial_Correlation": 0.6018358103910627,
            "SSIM": 0.5250725882491943
        }
    }
}