{
    "grid": 50,
    "seed": 42,
    "cytokine": "il8",
    "best_params": {
        "hidden": 50,
        "n_layers": 4,
        "learning_rate": 0.0010027069944600763,
        "lambda_pde": 0.00789933194674819,
        "lambda_ic": 0.8877463615113772,
        "lambda_bc": 0.002751122851374448
    },
    "optuna_best_val_loss": 0.06556345019364315,
    "results": {
        "Near_Horizon_t82_t91": {
            "Global_R2": 0.9303818561404317,
            "Per_Timestep_R2": [
                0.9351701451403838,
                0.9342961123470646,
                0.9333591283558607,
                0.9323587815406879,
                0.931294588940468,
                0.9301652956795742,
                0.9289716291592521,
                0.9277125181458278,
                0.9263854230719938,
                0.9249938490176584
            ],
            "Masked_RMSE": 1.8764186704035137e-06,
            "Unmasked_RMSE": 5.872570624222339e-07,
            "Avg_Dice": 0.8848489636796326,
            "Dice_Empty_Skipped": 0,
            "Spatial_Correlation": 0.9649098475906835,
            "SSIM": 0.9078579341541199,
            "SSIM_Skipped_Frames": 0
        },
        "Far_Horizon_t92_t100": {
            "Global_R2": 0.9166655954445616,
            "Per_Timestep_R2": [
                0.9235376131854324,
                0.9220113411822858,
                0.9204139475970223,
                0.9187489999899755,
                0.9170126994318653,
                0.9152032079034892,
                0.9133195829912123,
                0.911361282166254,
                0.9093275377289167
            ],
            "Masked_RMSE": 2.0703159268699823e-06,
            "Unmasked_RMSE": 6.749699384805776e-07,
            "Avg_Dice": 0.8744037921458826,
            "Dice_Empty_Skipped": 0,
            "Spatial_Correlation": 0.9578279403337692,
            "SSIM": 0.8897421364694744,
            "SSIM_Skipped_Frames": 0
        }
    }
}