{
    "grid": 100,
    "seed": 42,
    "cytokine": "il8",
    "best_params": {
        "hidden": 50,
        "n_layers": 4,
        "learning_rate": 0.00080026569034163,
        "lambda_pde": 0.004826780349745662,
        "lambda_ic": 0.13388950472654448,
        "lambda_bc": 0.014845250326763969
    },
    "optuna_best_val_loss": 0.03666164178859257,
    "train_time_seconds": 3703.69,
    "results": {
        "Near_Horizon_t82_t91": {
            "Global_R2": 0.871681180986132,
            "Per_Timestep_R2": [
                0.869584553401809,
                0.8701295851317721,
                0.8706321079190347,
                0.8710934884503282,
                0.8715140793045978,
                0.8718947712151852,
                0.8722361360564441,
                0.8725386661000092,
                0.8729829278713055,
                0.8733457350349036
            ],
            "Masked_RMSE": 4.17084404726542e-07,
            "Unmasked_RMSE": 7.58988917076802e-08,
            "Avg_Dice": 0.9240117110542749,
            "Dice_Empty_Skipped": 0,
            "Spatial_Correlation": 0.9341084954677782,
            "SSIM": 0.8379577715941983,
            "SSIM_Skipped_Frames": 0
        },
        "Far_Horizon_t92_t100": {
            "Global_R2": 0.8741667604685741,
            "Per_Timestep_R2": [
                0.8736399796886277,
                0.8738746619877424,
                0.8740561782064988,
                0.8741888226038579,
                0.8742758831465807,
                0.874319973676108,
                0.8743231167072142,
                0.874287057915894,
                0.874213161129859
            ],
            "Masked_RMSE": 4.209724309857788e-07,
            "Unmasked_RMSE": 7.921158093856848e-08,
            "Avg_Dice": 0.923720652555848,
            "Dice_Empty_Skipped": 0,
            "Spatial_Correlation": 0.935911676086,
            "SSIM": 0.8311927882772595,
            "SSIM_Skipped_Frames": 0
        }
    }
}