{
    "grid": 250,
    "seed": 1,
    "cytokine": "il8",
    "best_params": {
        "hidden": 50,
        "n_layers": 4,
        "learning_rate": 0.0006323859458525686,
        "lambda_pde": 0.005037513438331473,
        "lambda_ic": 0.10578105428277579,
        "lambda_bc": 0.01353066381241184
    },
    "optuna_best_val_loss": 0.043020213285937005,
    "train_time_seconds": 2654.35,
    "pred_time_seconds": 0.37,
    "results": {
        "Near_Horizon_t82_t91": {
            "Global_R2": 0.7264106240768278,
            "Per_Timestep_R2": [
                0.7188267406043609,
                0.7206351139618,
                0.7223663141806697,
                0.7240203846535808,
                0.7255973020842483,
                0.7270968856290099,
                0.7285190639302629,
                0.7298636329204568,
                0.7311303683564265,
                0.7323191611103484
            ],
            "Masked_RMSE": 2.4406382787400818e-08,
            "Unmasked_RMSE": 5.113827715880095e-09,
            "Avg_Dice": 0.928676277415201,
            "Dice_Empty_Skipped": 0,
            "Spatial_Correlation": 0.8528830824420537,
            "SSIM": 0.5398226792881246,
            "SSIM_Skipped_Frames": 0
        },
        "Far_Horizon_t92_t100": {
            "Global_R2": 0.7369950816727735,
            "Per_Timestep_R2": [
                0.7334294301555708,
                0.7344606714171766,
                0.7354123871570681,
                0.7362839736686468,
                0.7370748574286983,
                0.73778441023218,
                0.7384120066843922,
                0.7389571730409803,
                0.7394189326902669
            ],
            "Masked_RMSE": 2.4755438455279365e-08,
            "Unmasked_RMSE": 5.339084388877259e-09,
            "Avg_Dice": 0.9253452420003112,
            "Dice_Empty_Skipped": 0,
            "Spatial_Correlation": 0.8591687461490849,
            "SSIM": 0.5349686264660143,
            "SSIM_Skipped_Frames": 0
        }
    }
}