{
    "grid": 50,
    "seed": 42,
    "cytokine": "il10",
    "best_params": {
        "hidden": 128,
        "n_layers": 4,
        "learning_rate": 0.004190764597793817,
        "lambda_pde": 0.08651017665112061,
        "lambda_ic": 0.6352443521390763,
        "lambda_bc": 0.008513569413752775
    },
    "optuna_best_val_loss": 0.06447917511668744,
    "results": {
        "Near_Horizon_t82_t91": {
            "Global_R2": 0.3156410361551789,
            "Per_Timestep_R2": [
                0.39329241830799844,
                0.38346235599848,
                0.3531489460489643,
                0.3404684742915016,
                0.32597640221101254,
                0.30979739495011915,
                0.288091057214519,
                0.27013380145289856,
                0.25133099656863633,
                0.2316925062459344
            ],
            "Masked_RMSE": 9.955398041103994e-10,
            "Unmasked_RMSE": 7.006479919684452e-09,
            "Avg_Dice": 0.5650128646873508,
            "Dice_Empty_Skipped": 0,
            "Spatial_Correlation": 0.5786486953703815,
            "SSIM": 0.46995255654725226,
            "SSIM_Skipped_Frames": 0
        },
        "Far_Horizon_t92_t100": {
            "Global_R2": 0.10495020407707545,
            "Per_Timestep_R2": [
                0.21143439087354976,
                0.17964843004163022,
                0.1487347447709293,
                0.12228607486896725,
                0.09964368458024486,
                0.07777177620861708,
                0.056629045638693754,
                0.03531196025045025,
                0.012956060844428907
            ],
            "Masked_RMSE": 2.491608882381909e-09,
            "Unmasked_RMSE": 7.970267647023928e-09,
            "Avg_Dice": 0.5037124198762508,
            "Dice_Empty_Skipped": 0,
            "Spatial_Correlation": 0.450824594297534,
            "SSIM": 0.3843941280919959,
            "SSIM_Skipped_Frames": 0
        }
    }
}