{
    "grid": 100,
    "seed": 42,
    "cytokine": "il8",
    "best_params": {
        "hidden": 50,
        "n_layers": 4,
        "learning_rate": 0.00080026569034163,
        "lambda_pde": 0.004826780349745662,
        "lambda_ic": 0.13388950472654448,
        "lambda_bc": 0.014845250326763969
    },
    "optuna_best_val_loss": 0.036633873605112735,
    "train_time_seconds": 2381.83,
    "results": {
        "Near_Horizon_t82_t91": {
            "Global_R2": 0.8554796369907615,
            "Per_Timestep_R2": [
                0.852659786337108,
                0.8533706230559934,
                0.854034652559819,
                0.8546527617667279,
                0.8552258865789993,
                0.8557555596796917,
                0.8562424476628909,
                0.8566878954462305,
                0.8572911770654196,
                0.8578094584989302
            ],
            "Masked_RMSE": 4.329184945814727e-07,
            "Unmasked_RMSE": 8.054800330314912e-08,
            "Avg_Dice": 0.9200946224333129,
            "Dice_Empty_Skipped": 0,
            "Spatial_Correlation": 0.9249658968276013,
            "SSIM": 0.8084413690272072,
            "SSIM_Skipped_Frames": 0
        },
        "Far_Horizon_t92_t100": {
            "Global_R2": 0.8593470279644938,
            "Per_Timestep_R2": [
                0.8582552070206788,
                0.8586378172344609,
                0.8589629595685723,
                0.8592349328409292,
                0.8594570215486412,
                0.8596321084617415,
                0.8597622303100251,
                0.859848792195296,
                0.8598933504292291
            ],
            "Masked_RMSE": 4.337008618747841e-07,
            "Unmasked_RMSE": 8.374626540487882e-08,
            "Avg_Dice": 0.9213265780254952,
            "Dice_Empty_Skipped": 0,
            "Spatial_Correlation": 0.9272416156849045,
            "SSIM": 0.8003948011912717,
            "SSIM_Skipped_Frames": 0
        }
    }
}