{
    "grid": 100,
    "seed": 1,
    "cytokine": "il10",
    "best_params": {
        "hidden": 50,
        "n_layers": 4,
        "learning_rate": 0.002871201825608864,
        "lambda_pde": 0.062324098482794375,
        "lambda_ic": 0.5296294070911848,
        "lambda_bc": 0.013754568702283273
    },
    "optuna_best_val_loss": 0.04205123254952603,
    "train_time_seconds": 2321.49,
    "pred_time_seconds": 0.16,
    "results": {
        "Near_Horizon_t82_t91": {
            "Global_R2": 0.10527692901996155,
            "Per_Timestep_R2": [
                0.13009104996995668,
                0.12430286436515181,
                0.1193484097876355,
                0.11371022940830788,
                0.10893113445242886,
                0.10281626704517333,
                0.09596901478641906,
                0.09075006996141533,
                0.08484456922110317,
                0.0793572272287405
            ],
            "Masked_RMSE": 7.359863637092736e-10,
            "Unmasked_RMSE": 1.3701043836866213e-09,
            "Avg_Dice": 0.1820925821736153,
            "Dice_Empty_Skipped": 0,
            "Spatial_Correlation": 0.3594989499298938,
            "SSIM": 0.35401089672465735,
            "SSIM_Skipped_Frames": 0
        },
        "Far_Horizon_t92_t100": {
            "Global_R2": 0.0470532901335694,
            "Per_Timestep_R2": [
                0.07248837237075789,
                0.06628332662220948,
                0.05939518961204737,
                0.05363284009447167,
                0.04652353583258817,
                0.04053437799929316,
                0.034378610504466,
                0.02820985428359013,
                0.021414958227282233
            ],
            "Masked_RMSE": 6.643030654586901e-10,
            "Unmasked_RMSE": 1.402064047497254e-09,
            "Avg_Dice": 0.16638535198875806,
            "Dice_Empty_Skipped": 0,
            "Spatial_Correlation": 0.3082966038801504,
            "SSIM": 0.3248173323565985,
            "SSIM_Skipped_Frames": 0
        }
    }
}