{
    "grid": 100,
    "seed": 1,
    "cytokine": "il8",
    "best_params": {
        "hidden": 50,
        "n_layers": 4,
        "learning_rate": 0.00080026569034163,
        "lambda_pde": 0.004826780349745662,
        "lambda_ic": 0.13388950472654448,
        "lambda_bc": 0.014845250326763969
    },
    "optuna_best_val_loss": 0.036633873605112735,
    "train_time_seconds": 2375.26,
    "results": {
        "Near_Horizon_t82_t91": {
            "Global_R2": 0.8580548753806646,
            "Per_Timestep_R2": [
                0.8548649638352921,
                0.8556433713036392,
                0.8563809194306637,
                0.857077798636178,
                0.857734789559567,
                0.8583525486876632,
                0.8589319164286158,
                0.8594737842252426,
                0.8601675690441257,
                0.8607811984803089
            ],
            "Masked_RMSE": 4.372395616239628e-07,
            "Unmasked_RMSE": 7.982712669856617e-08,
            "Avg_Dice": 0.9211498440297848,
            "Dice_Empty_Skipped": 0,
            "Spatial_Correlation": 0.9263384137008331,
            "SSIM": 0.8164153197591155,
            "SSIM_Skipped_Frames": 0
        },
        "Far_Horizon_t92_t100": {
            "Global_R2": 0.8629062606364184,
            "Per_Timestep_R2": [
                0.8613278799508063,
                0.8618167788817828,
                0.8622537403206958,
                0.8626434138195456,
                0.8629890798061487,
                0.8632932029787235,
                0.8635583300978852,
                0.863785921085373,
                0.8639771741786498
            ],
            "Masked_RMSE": 4.392647965158607e-07,
            "Unmasked_RMSE": 8.267987353212068e-08,
            "Avg_Dice": 0.9222599279782988,
            "Dice_Empty_Skipped": 0,
            "Spatial_Correlation": 0.9291207180566053,
            "SSIM": 0.8136729752164858,
            "SSIM_Skipped_Frames": 0
        }
    }
}