{
    "grid": 250,
    "seed": 100,
    "cytokine": "il10",
    "best_params": {
        "hidden": 64,
        "n_layers": 4,
        "learning_rate": 0.0002789916501431784,
        "lambda_pde": 0.22815201702138269,
        "lambda_ic": 2.397622727424071,
        "lambda_bc": 0.010057898613605202
    },
    "optuna_best_val_loss": 0.14716576062669745,
    "train_time_seconds": 3044.05,
    "results": {
        "Near_Horizon_t82_t91": {
            "Global_R2": 0.025747542009378566,
            "Per_Timestep_R2": [
                0.026581055975070655,
                0.02645283544672694,
                0.02630337964218754,
                0.026141221528081182,
                0.025957235273452173,
                0.025688125555143437,
                0.025421997621447256,
                0.02519356671709838,
                0.024951081085689775,
                0.024695852740812985
            ],
            "Masked_RMSE": 1.3697743596640587e-11,
            "Unmasked_RMSE": 2.7803522718682014e-11,
            "Avg_Dice": 0.2534855282959042,
            "Dice_Empty_Skipped": 0,
            "Spatial_Correlation": 0.1632835489212977,
            "SSIM": 0.11766328847770686,
            "SSIM_Skipped_Frames": 0
        },
        "Far_Horizon_t92_t100": {
            "Global_R2": 0.023003652509206995,
            "Per_Timestep_R2": [
                0.024397359601259883,
                0.02409878944828059,
                0.023710142036712067,
                0.023377082464413168,
                0.02304707487606994,
                0.0226655725310142,
                0.0222869637372356,
                0.021896181651954283,
                0.021495597367254815
            ],
            "Masked_RMSE": 1.4463808212409686e-11,
            "Unmasked_RMSE": 2.8160044620106072e-11,
            "Avg_Dice": 0.2557600290089062,
            "Dice_Empty_Skipped": 0,
            "Spatial_Correlation": 0.1574038183126384,
            "SSIM": 0.1105728618723838,
            "SSIM_Skipped_Frames": 0
        }
    }
}