{
    "grid": 100,
    "seed": 100,
    "cytokine": "il8",
    "best_params": {
        "hidden": 50,
        "n_layers": 4,
        "learning_rate": 0.00080026569034163,
        "lambda_pde": 0.004826780349745662,
        "lambda_ic": 0.13388950472654448,
        "lambda_bc": 0.014845250326763969
    },
    "optuna_best_val_loss": 0.036633873605112735,
    "train_time_seconds": 2368.15,
    "results": {
        "Near_Horizon_t82_t91": {
            "Global_R2": 0.8193191635609011,
            "Per_Timestep_R2": [
                0.815830098717043,
                0.8167064546363156,
                0.8175275130951792,
                0.818294176303154,
                0.819007199990824,
                0.8196678707923878,
                0.8202772449992402,
                0.820835956344522,
                0.8215488192519134,
                0.8221712872405941
            ],
            "Masked_RMSE": 4.800906446716439e-07,
            "Unmasked_RMSE": 9.006297807991171e-08,
            "Avg_Dice": 0.9152660710523491,
            "Dice_Empty_Skipped": 0,
            "Spatial_Correlation": 0.9052465188350111,
            "SSIM": 0.7509549091203953,
            "SSIM_Skipped_Frames": 0
        },
        "Far_Horizon_t92_t100": {
            "Global_R2": 0.8241420421286278,
            "Per_Timestep_R2": [
                0.8227160276363873,
                0.8231914891106424,
                0.8236039101261659,
                0.8239576058001111,
                0.8242562084294738,
                0.824502033047503,
                0.8246979187478146,
                0.824844871522276,
                0.8249451188490259
            ],
            "Masked_RMSE": 4.797878258866933e-07,
            "Unmasked_RMSE": 9.364228559429662e-08,
            "Avg_Dice": 0.9175043296052731,
            "Dice_Empty_Skipped": 0,
            "Spatial_Correlation": 0.9082716981162093,
            "SSIM": 0.7445186264182563,
            "SSIM_Skipped_Frames": 0
        }
    }
}