{
    "grid": 250,
    "seed": 42,
    "cytokine": "il10",
    "best_params": {
        "hidden": 64,
        "n_layers": 4,
        "learning_rate": 0.0002789916501431784,
        "lambda_pde": 0.22815201702138269,
        "lambda_ic": 2.397622727424071,
        "lambda_bc": 0.010057898613605202
    },
    "optuna_best_val_loss": 0.14716576062669745,
    "train_time_seconds": 3064.15,
    "results": {
        "Near_Horizon_t82_t91": {
            "Global_R2": 0.020527263197887113,
            "Per_Timestep_R2": [
                0.023832993590861218,
                0.023202762498033436,
                0.022498225098833702,
                0.021778268841380455,
                0.02102463318767389,
                0.020189004928757637,
                0.019392007520123045,
                0.018604424298874545,
                0.017803090316570458,
                0.016989632163344925
            ],
            "Masked_RMSE": 1.4067987640019684e-11,
            "Unmasked_RMSE": 2.787791218102361e-11,
            "Avg_Dice": 0.2515664886219957,
            "Dice_Empty_Skipped": 0,
            "Spatial_Correlation": 0.16980804434620286,
            "SSIM": 0.1298572634213961,
            "SSIM_Skipped_Frames": 0
        },
        "Far_Horizon_t92_t100": {
            "Global_R2": 0.012763651849543423,
            "Per_Timestep_R2": [
                0.016135893747292296,
                0.01544741641564995,
                0.01453632057430887,
                0.013708065181032736,
                0.012843136171175051,
                0.011947515782227192,
                0.011002853084885245,
                0.010087685743536912,
                0.009158604221566113
            ],
            "Masked_RMSE": 1.479083550261537e-11,
            "Unmasked_RMSE": 2.8307234131236427e-11,
            "Avg_Dice": 0.2537136828142508,
            "Dice_Empty_Skipped": 0,
            "Spatial_Correlation": 0.16078466477756392,
            "SSIM": 0.12335689318403269,
            "SSIM_Skipped_Frames": 0
        }
    }
}