{
    "grid": 250,
    "seed": 1,
    "cytokine": "il10",
    "best_params": {
        "p": 256,
        "hidden": 256,
        "learning_rate": 0.0003009139195123679,
        "batch_size": 4,
        "chunk_size": 2048,
        "lambda_pde": 0.01147840795775378,
        "lambda_bc": 0.008021634452690352,
        "lambda_ic": 0.10113630656029521
    },
    "optuna_best_val_loss": 0.00019734204536293057,
    "train_time_seconds": 2500.34,
    "pred_time_seconds": 15.39,
    "results": {
        "Near_Horizon_t82_t91": {
            "Global_R2": 0.9945691315319176,
            "Per_Timestep_R2": [
                0.9969048661569525,
                0.9949475504729103,
                0.9977996701456561,
                0.9971914914481955,
                0.995541747103872,
                0.9938002045745598,
                0.9937414644371168,
                0.993552902029089,
                0.9921901623647299,
                0.990177805780935
            ],
            "Masked_RMSE": 1.8555040282932506e-12,
            "Unmasked_RMSE": 2.0758631136823163e-12,
            "Avg_Dice": 0.9894315150971806,
            "Dice_Empty_Skipped": 0,
            "Spatial_Correlation": 0.9995777339742951,
            "SSIM": 0.7106204117694671,
            "SSIM_Skipped_Frames": 0
        },
        "Far_Horizon_t92_t100": {
            "Global_R2": 0.9777572757165038,
            "Per_Timestep_R2": [
                0.9883253239863913,
                0.9841654114584865,
                0.9814644859778698,
                0.981146426535912,
                0.9804076433203419,
                0.9774246682219323,
                0.9734413115845402,
                0.9699778328618114,
                0.9637251660465349
            ],
            "Masked_RMSE": 3.983850386397242e-12,
            "Unmasked_RMSE": 4.248942537877635e-12,
            "Avg_Dice": 0.9288647834364698,
            "Dice_Empty_Skipped": 0,
            "Spatial_Correlation": 0.9986978797703071,
            "SSIM": 0.5466072956289483,
            "SSIM_Skipped_Frames": 0
        }
    }
}