{
    "grid": 250,
    "seed": 42,
    "cytokine": "il8",
    "best_params": {
        "p": 256,
        "hidden": 256,
        "learning_rate": 0.0005092654431068486,
        "batch_size": 4,
        "chunk_size": 2048,
        "lambda_pde": 0.031334616982030626,
        "lambda_bc": 0.015527469527538605,
        "lambda_ic": 0.10515848184830978
    },
    "optuna_best_val_loss": 1.8400116284912936e-05,
    "train_time_seconds": 4452.71,
    "pred_time_seconds": 12.61,
    "results": {
        "Near_Horizon_t82_t91": {
            "Global_R2": 0.9977595400712964,
            "Per_Timestep_R2": [
                0.9997827125704533,
                0.9993111987295279,
                0.9988786793261135,
                0.9984304625932936,
                0.998237292545666,
                0.9980905828237457,
                0.9972663178416833,
                0.9964857035825339,
                0.9960079140556068,
                0.9956214381769299
            ],
            "Masked_RMSE": 3.225026545040339e-10,
            "Unmasked_RMSE": 4.6276986304874506e-10,
            "Avg_Dice": 0.9861766517499483,
            "Dice_Empty_Skipped": 0,
            "Spatial_Correlation": 0.99968597413912,
            "SSIM": 0.9797409122942546,
            "SSIM_Skipped_Frames": 0
        },
        "Far_Horizon_t92_t100": {
            "Global_R2": 0.9912948480388298,
            "Per_Timestep_R2": [
                0.9946029820958259,
                0.9942332865490016,
                0.9934811975205101,
                0.992351610715385,
                0.9913074490845412,
                0.990324926918358,
                0.9894856341879065,
                0.9884119318720993,
                0.9880887945488172
            ],
            "Masked_RMSE": 7.898468056761828e-10,
            "Unmasked_RMSE": 9.713439256775745e-10,
            "Avg_Dice": 0.9711349250990376,
            "Dice_Empty_Skipped": 0,
            "Spatial_Correlation": 0.9985707207767293,
            "SSIM": 0.947181590280706,
            "SSIM_Skipped_Frames": 0
        }
    }
}