{
    "grid": 250,
    "seed": 1,
    "cytokine": "il8",
    "best_params": {
        "p": 256,
        "hidden": 256,
        "learning_rate": 0.0005092654431068486,
        "batch_size": 4,
        "chunk_size": 2048,
        "lambda_pde": 0.031334616982030626,
        "lambda_bc": 0.015527469527538605,
        "lambda_ic": 0.10515848184830978
    },
    "optuna_best_val_loss": 1.8400116284912936e-05,
    "train_time_seconds": 2286.87,
    "pred_time_seconds": 12.53,
    "results": {
        "Near_Horizon_t82_t91": {
            "Global_R2": 0.9932016720128268,
            "Per_Timestep_R2": [
                0.9988004260946906,
                0.9987286142530616,
                0.9981625436714414,
                0.9973186201944992,
                0.9955873343563741,
                0.9929014092303052,
                0.9916637095622616,
                0.9897731552462505,
                0.9870398351383586,
                0.9839327987848638
            ],
            "Masked_RMSE": 7.852229171339189e-10,
            "Unmasked_RMSE": 8.061159883257851e-10,
            "Avg_Dice": 0.9818160629913718,
            "Dice_Empty_Skipped": 0,
            "Spatial_Correlation": 0.999559727921331,
            "SSIM": 0.8809249713678499,
            "SSIM_Skipped_Frames": 0
        },
        "Far_Horizon_t92_t100": {
            "Global_R2": 0.9665787181086428,
            "Per_Timestep_R2": [
                0.9817703640533482,
                0.9776076512235071,
                0.973853297440689,
                0.9713900319298153,
                0.9682689168485876,
                0.964437129035051,
                0.9599256936940692,
                0.955593690766523,
                0.9491221726026505
            ],
            "Masked_RMSE": 2.1363352711072382e-09,
            "Unmasked_RMSE": 1.90325246965509e-09,
            "Avg_Dice": 0.9489357769690757,
            "Dice_Empty_Skipped": 0,
            "Spatial_Correlation": 0.9983431327921566,
            "SSIM": 0.7671829918043128,
            "SSIM_Skipped_Frames": 0
        }
    }
}