{
    "grid": 100,
    "seed": 100,
    "cytokine": "il8",
    "best_params": {
        "p": 256,
        "hidden": 256,
        "learning_rate": 0.0005092654431068486,
        "batch_size": 4,
        "chunk_size": 2048,
        "lambda_pde": 0.031334616982030626,
        "lambda_bc": 0.015527469527538605,
        "lambda_ic": 0.10515848184830978
    },
    "optuna_best_val_loss": 3.566026981178975e-05,
    "train_time_seconds": 516.19,
    "pred_time_seconds": 2.39,
    "results": {
        "Near_Horizon_t82_t91": {
            "Global_R2": 0.9974665722802091,
            "Per_Timestep_R2": [
                0.998801723557157,
                0.9989138546602998,
                0.9984734266645525,
                0.9978160284774209,
                0.9976369338291492,
                0.996921458287507,
                0.9971841031214553,
                0.9966587691506374,
                0.9967614558095793,
                0.9958032995576864
            ],
            "Masked_RMSE": 1.116521231378042e-08,
            "Unmasked_RMSE": 1.066459866142725e-08,
            "Avg_Dice": 0.980055000395349,
            "Dice_Empty_Skipped": 0,
            "Spatial_Correlation": 0.9995282490120821,
            "SSIM": 0.9412304371586868,
            "SSIM_Skipped_Frames": 0
        },
        "Far_Horizon_t92_t100": {
            "Global_R2": 0.9947592352310406,
            "Per_Timestep_R2": [
                0.9967941760723503,
                0.9946872913756981,
                0.995483054848345,
                0.9954847796941007,
                0.9947246981653891,
                0.9942071480501593,
                0.9944458061430845,
                0.9937500309309891,
                0.9934502998325958
            ],
            "Masked_RMSE": 2.0274423037561844e-08,
            "Unmasked_RMSE": 1.616546962620568e-08,
            "Avg_Dice": 0.9724839019988918,
            "Dice_Empty_Skipped": 0,
            "Spatial_Correlation": 0.9987398469646561,
            "SSIM": 0.9085761824424845,
            "SSIM_Skipped_Frames": 0
        }
    }
}