{
    "grid": 100,
    "seed": 100,
    "cytokine": "il10",
    "best_params": {
        "p": 256,
        "hidden": 256,
        "learning_rate": 0.0005092654431068486,
        "batch_size": 4,
        "chunk_size": 2048,
        "lambda_pde": 0.031334616982030626,
        "lambda_bc": 0.015527469527538605,
        "lambda_ic": 0.10515848184830978
    },
    "optuna_best_val_loss": 0.0005830631965251926,
    "train_time_seconds": 254.15,
    "pred_time_seconds": 2.35,
    "results": {
        "Near_Horizon_t82_t91": {
            "Global_R2": 0.9833720350245767,
            "Per_Timestep_R2": [
                0.9760038726529434,
                0.9854523930780875,
                0.9845954475391433,
                0.983465446933052,
                0.9925339514120209,
                0.981696631275651,
                0.9715500046624355,
                0.9903659665878604,
                0.979908801131963,
                0.988465947674648
            ],
            "Masked_RMSE": 9.769868357655686e-11,
            "Unmasked_RMSE": 1.867793623296035e-10,
            "Avg_Dice": 0.9975337611561486,
            "Dice_Empty_Skipped": 0,
            "Spatial_Correlation": 0.9934655891327604,
            "SSIM": 0.9517154616085837,
            "SSIM_Skipped_Frames": 0
        },
        "Far_Horizon_t92_t100": {
            "Global_R2": 0.9723092600535572,
            "Per_Timestep_R2": [
                0.9685781426117112,
                0.9764612688551878,
                0.9382710565229776,
                0.9869636767457717,
                0.9665238095811871,
                0.9850074315298243,
                0.9844238304747993,
                0.9733155067240548,
                0.9720697342602511
            ],
            "Masked_RMSE": 1.1605158535949532e-10,
            "Unmasked_RMSE": 2.3900160975223923e-10,
            "Avg_Dice": 0.9965447486195276,
            "Dice_Empty_Skipped": 0,
            "Spatial_Correlation": 0.98942130739615,
            "SSIM": 0.945788886449217,
            "SSIM_Skipped_Frames": 0
        }
    }
}