{
    "grid": 50,
    "seed": 42,
    "cytokine": "il10",
    "best_params": {
        "p": 256,
        "hidden": 256,
        "learning_rate": 0.0009888513616343735,
        "batch_size": 4,
        "chunk_size": 2048,
        "lambda_pde": 0.038770829347528096,
        "lambda_bc": 0.007692749611389406
    },
    "optuna_best_val_loss": 0.06412709206342697,
    "results": {
        "Near_Horizon_t82_t91": {
            "Global_R2": 0.32278659552974365,
            "Per_Timestep_R2": [
                0.3625063979137687,
                0.357173867222371,
                0.3346192113860158,
                0.329469159821716,
                0.3242212503308515,
                0.3181437305632745,
                0.3089661046651725,
                0.30286353071490935,
                0.29650553359493836,
                0.28982604985075566
            ],
            "Masked_RMSE": 2.3685529813750613e-09,
            "Unmasked_RMSE": 6.969805751982122e-09,
            "Avg_Dice": 0.23472424709829626,
            "Dice_Empty_Skipped": 0,
            "Spatial_Correlation": 0.5803341338396778,
            "SSIM": 0.3749944887727398,
            "SSIM_Skipped_Frames": 0
        },
        "Far_Horizon_t92_t100": {
            "Global_R2": 0.23062793949799576,
            "Per_Timestep_R2": [
                0.2821757551149582,
                0.26338506165473907,
                0.2440950047063466,
                0.2335329451137762,
                0.22670137674313073,
                0.21912780945724097,
                0.2109359308952542,
                0.20266922746230465,
                0.1936363316088473
            ],
            "Masked_RMSE": 3.5556000714758264e-09,
            "Unmasked_RMSE": 7.389541833635875e-09,
            "Avg_Dice": 0.19819379294151385,
            "Dice_Empty_Skipped": 0,
            "Spatial_Correlation": 0.49297551081316593,
            "SSIM": 0.3194533990234752,
            "SSIM_Skipped_Frames": 0
        }
    }
}