{
    "grid": 100,
    "seed": 42,
    "cytokine": "il8",
    "best_params": {
        "p": 256,
        "hidden": 256,
        "learning_rate": 0.0005092654431068486,
        "batch_size": 4,
        "chunk_size": 2048,
        "lambda_pde": 0.031334616982030626,
        "lambda_bc": 0.015527469527538605,
        "lambda_ic": 0.10515848184830978
    },
    "optuna_best_val_loss": 3.566026981178975e-05,
    "train_time_seconds": 461.73,
    "pred_time_seconds": 2.46,
    "results": {
        "Near_Horizon_t82_t91": {
            "Global_R2": 0.9963318603365556,
            "Per_Timestep_R2": [
                0.9989433126758049,
                0.9982037766870094,
                0.9979295887885464,
                0.9975869557481144,
                0.9968977844702647,
                0.9965783744858664,
                0.9953879287852025,
                0.9948677562525872,
                0.9938249767299204,
                0.9936719669728664
            ],
            "Masked_RMSE": 1.7985847079712243e-08,
            "Unmasked_RMSE": 1.283255661002504e-08,
            "Avg_Dice": 0.9705411996267476,
            "Dice_Empty_Skipped": 0,
            "Spatial_Correlation": 0.999043971209689,
            "SSIM": 0.9888346355024028,
            "SSIM_Skipped_Frames": 0
        },
        "Far_Horizon_t92_t100": {
            "Global_R2": 0.9875241596255533,
            "Per_Timestep_R2": [
                0.9913452662471418,
                0.9923901571710603,
                0.9902805765372641,
                0.9886259535886647,
                0.9878562713528832,
                0.986750796171828,
                0.9847811715188572,
                0.9838984401674372,
                0.9825362363942401
            ],
            "Masked_RMSE": 2.291990971126229e-08,
            "Unmasked_RMSE": 2.4941691153689463e-08,
            "Avg_Dice": 0.9410072257620654,
            "Dice_Empty_Skipped": 0,
            "Spatial_Correlation": 0.9967492874034298,
            "SSIM": 0.9663285897868826,
            "SSIM_Skipped_Frames": 0
        }
    }
}