{
    "grid": 50,
    "seed": 42,
    "cytokine": "tgf",
    "best_params": {
        "p": 64,
        "hidden": 256,
        "learning_rate": 0.0008205000106681142,
        "batch_size": 4,
        "chunk_size": 2048,
        "lambda_pde": 0.0005090867615424724,
        "lambda_bc": 0.0008945012757389515
    },
    "optuna_best_val_loss": 0.23781710863113403,
    "results": {
        "Interpolation_72_89": {
            "Global_R2": 0.30907836442375247,
            "Masked_RMSE": 1.0865198985400239e-07,
            "Avg_Dice": 0.6857368416953945,
            "Spatial_Correlation": 0.5738416181195118,
            "SSIM": 0.4374709452845926
        },
        "Extrapolation_82_100": {
            "Global_R2": 0.056698098987966516,
            "Masked_RMSE": 1.5261461059530562e-07,
            "Avg_Dice": 0.7178585988401212,
            "Spatial_Correlation": 0.4157885032948242,
            "SSIM": 0.3149086654637189
        }
    }
}