{
    "grid": 250,
    "seed": 100,
    "cytokine": "il8",
    "best_params": {
        "p": 256,
        "hidden": 256,
        "learning_rate": 0.0005092654431068486,
        "batch_size": 4,
        "chunk_size": 2048,
        "lambda_pde": 0.031334616982030626,
        "lambda_bc": 0.015527469527538605,
        "lambda_ic": 0.10515848184830978
    },
    "optuna_best_val_loss": 1.8400116284912936e-05,
    "train_time_seconds": 2984.81,
    "pred_time_seconds": 12.59,
    "results": {
        "Near_Horizon_t82_t91": {
            "Global_R2": 0.9989410432390617,
            "Per_Timestep_R2": [
                0.9996516726332375,
                0.9995345032472133,
                0.9994158260765985,
                0.9992911535489637,
                0.9991528717731939,
                0.9989891868387518,
                0.9987609485155001,
                0.9985304517590914,
                0.9982817208605108,
                0.9980029310200482
            ],
            "Masked_RMSE": 2.5844106023820734e-10,
            "Unmasked_RMSE": 3.1815268442775516e-10,
            "Avg_Dice": 0.9924952225530556,
            "Dice_Empty_Skipped": 0,
            "Spatial_Correlation": 0.9996770641888063,
            "SSIM": 0.9840836470171291,
            "SSIM_Skipped_Frames": 0
        },
        "Far_Horizon_t92_t100": {
            "Global_R2": 0.9964623810188449,
            "Per_Timestep_R2": [
                0.997679911448882,
                0.9974345255704838,
                0.9971768632936457,
                0.9968317869660068,
                0.9965080041103017,
                0.9961663544943407,
                0.9958402235013504,
                0.995511250230221,
                0.995234238863448
            ],
            "Masked_RMSE": 5.568027055684115e-10,
            "Unmasked_RMSE": 6.192134455247873e-10,
            "Avg_Dice": 0.9851538887046227,
            "Dice_Empty_Skipped": 0,
            "Spatial_Correlation": 0.9988451384616795,
            "SSIM": 0.9623051161449041,
            "SSIM_Skipped_Frames": 0
        }
    }
}