{
    "grid": 250,
    "seed": 42,
    "cytokine": "il10",
    "best_params": {
        "p": 256,
        "hidden": 256,
        "learning_rate": 0.0003009139195123679,
        "batch_size": 4,
        "chunk_size": 2048,
        "lambda_pde": 0.01147840795775378,
        "lambda_bc": 0.008021634452690352,
        "lambda_ic": 0.10113630656029521
    },
    "optuna_best_val_loss": 0.00019734204536293057,
    "train_time_seconds": 2852.64,
    "pred_time_seconds": 12.51,
    "results": {
        "Near_Horizon_t82_t91": {
            "Global_R2": 0.9990279805516895,
            "Per_Timestep_R2": [
                0.9986032790875419,
                0.9964440880183161,
                0.9997766307010915,
                0.999742495194218,
                0.9993008584093467,
                0.9988748945409471,
                0.9992030261202495,
                0.9995304119731824,
                0.9994367672331831,
                0.9993315104753774
            ],
            "Masked_RMSE": 3.944841490469594e-13,
            "Unmasked_RMSE": 8.782164078716284e-13,
            "Avg_Dice": 0.9909539819630604,
            "Dice_Empty_Skipped": 0,
            "Spatial_Correlation": 0.9996707607446,
            "SSIM": 0.9981466152198962,
            "SSIM_Skipped_Frames": 0
        },
        "Far_Horizon_t92_t100": {
            "Global_R2": 0.9972913675998925,
            "Per_Timestep_R2": [
                0.9983689047988886,
                0.9966409433495134,
                0.9956926438093002,
                0.996719106635284,
                0.9977990787036448,
                0.997599843575354,
                0.9973945150714443,
                0.997585177048931,
                0.9978184792585857
            ],
            "Masked_RMSE": 5.662704052008002e-13,
            "Unmasked_RMSE": 1.4827294141687292e-12,
            "Avg_Dice": 0.973451452969475,
            "Dice_Empty_Skipped": 0,
            "Spatial_Correlation": 0.9988371445073356,
            "SSIM": 0.9943631385651867,
            "SSIM_Skipped_Frames": 0
        }
    }
}