{
    "grid": 100,
    "seed": 42,
    "cytokine": "il10",
    "best_params": {
        "p": 128,
        "hidden": 256,
        "learning_rate": 0.0006172063706261539,
        "batch_size": 4,
        "chunk_size": 4096,
        "lambda_pde": 0.05544751423515222,
        "lambda_bc": 0.0003105750815511995
    },
    "optuna_best_val_loss": 0.04179240856319666,
    "train_time_seconds": 658.91,
    "results": {
        "Near_Horizon_t82_t91": {
            "Global_R2": 0.08768019085448964,
            "Per_Timestep_R2": [
                0.10030242605444428,
                0.09875123393161833,
                0.09625830464909635,
                0.09248369384959731,
                0.09025416909499395,
                0.08692031948153933,
                0.08289085243681427,
                0.07975180457332853,
                0.07598326365378982,
                0.07169275930333097
            ],
            "Masked_RMSE": 6.430839870904455e-10,
            "Unmasked_RMSE": 1.3835118721140956e-09,
            "Avg_Dice": 0.1825538540339135,
            "Dice_Empty_Skipped": 0,
            "Spatial_Correlation": 0.30440091169662026,
            "SSIM": 0.3168133050226964,
            "SSIM_Skipped_Frames": 0
        },
        "Far_Horizon_t92_t100": {
            "Global_R2": 0.05110260180875659,
            "Per_Timestep_R2": [
                0.06820365783122295,
                0.06211122064418162,
                0.05888631565388802,
                0.05609417560638541,
                0.05160043063619546,
                0.04729091654055173,
                0.04382037774552017,
                0.03804767972272838,
                0.03341277541523102
            ],
            "Masked_RMSE": 5.844503730962218e-10,
            "Unmasked_RMSE": 1.3990820138339924e-09,
            "Avg_Dice": 0.15620245698760055,
            "Dice_Empty_Skipped": 0,
            "Spatial_Correlation": 0.257091194254372,
            "SSIM": 0.26681509810507315,
            "SSIM_Skipped_Frames": 0
        }
    }
}