{
    "grid": 250,
    "seed": 100,
    "cytokine": "il10",
    "best_params": {
        "p": 256,
        "hidden": 256,
        "learning_rate": 0.0003009139195123679,
        "batch_size": 4,
        "chunk_size": 2048,
        "lambda_pde": 0.01147840795775378,
        "lambda_bc": 0.008021634452690352,
        "lambda_ic": 0.10113630656029521
    },
    "optuna_best_val_loss": 0.00019734204536293057,
    "train_time_seconds": 3895.97,
    "pred_time_seconds": 14.35,
    "results": {
        "Near_Horizon_t82_t91": {
            "Global_R2": 0.9990825765394581,
            "Per_Timestep_R2": [
                0.9986107255577974,
                0.9964646525361001,
                0.9997974824189532,
                0.9997615281269099,
                0.9993257097612275,
                0.998894034937771,
                0.9992456431739984,
                0.9995984091326306,
                0.9995617566552794,
                0.9995263914017009
            ],
            "Masked_RMSE": 2.6122082824066387e-13,
            "Unmasked_RMSE": 8.531963532807246e-13,
            "Avg_Dice": 0.9927249988436518,
            "Dice_Empty_Skipped": 0,
            "Spatial_Correlation": 0.9997041798931041,
            "SSIM": 0.9984639679741998,
            "SSIM_Skipped_Frames": 0
        },
        "Far_Horizon_t92_t100": {
            "Global_R2": 0.99786811138249,
            "Per_Timestep_R2": [
                0.9986229749055543,
                0.9969345682067623,
                0.9960516319368871,
                0.9971753447652518,
                0.9983053415370781,
                0.9982275729716871,
                0.9981529232793211,
                0.9984837687888871,
                0.9988456197230482
            ],
            "Masked_RMSE": 5.264206434176041e-13,
            "Unmasked_RMSE": 1.315434185093645e-12,
            "Avg_Dice": 0.9891318360068452,
            "Dice_Empty_Skipped": 0,
            "Spatial_Correlation": 0.9990780877819821,
            "SSIM": 0.9964176881857991,
            "SSIM_Skipped_Frames": 0
        }
    }
}