{
    "grid": 50,
    "seed": 42,
    "cytokine": "il8",
    "best_params": {
        "p": 64,
        "hidden": 256,
        "learning_rate": 0.0008205000106681142,
        "batch_size": 4,
        "chunk_size": 2048,
        "lambda_pde": 0.0005090867615424724,
        "lambda_bc": 0.0008945012757389515
    },
    "optuna_best_val_loss": 0.06161403357982635,
    "results": {
        "Interpolation_72_89": {
            "Global_R2": 0.9284916687558658,
            "Masked_RMSE": 1.7165803692459837e-06,
            "Avg_Dice": 0.8881940441978252,
            "Spatial_Correlation": 0.9638695189485491,
            "SSIM": 0.9063310065870814
        },
        "Extrapolation_82_100": {
            "Global_R2": 0.9289044600438393,
            "Masked_RMSE": 1.7174002269568754e-06,
            "Avg_Dice": 0.8768280370579941,
            "Spatial_Correlation": 0.964358033632495,
            "SSIM": 0.8865693832059403
        }
    }
}