{
    "grid": 100,
    "seed": 1,
    "cytokine": "il8",
    "best_params": {
        "p": 256,
        "hidden": 256,
        "learning_rate": 0.0005092654431068486,
        "batch_size": 4,
        "chunk_size": 2048,
        "lambda_pde": 0.031334616982030626,
        "lambda_bc": 0.015527469527538605,
        "lambda_ic": 0.10515848184830978
    },
    "optuna_best_val_loss": 3.566026981178975e-05,
    "train_time_seconds": 590.08,
    "pred_time_seconds": 2.35,
    "results": {
        "Near_Horizon_t82_t91": {
            "Global_R2": 0.9969919097652734,
            "Per_Timestep_R2": [
                0.9984399869405425,
                0.9986788968276448,
                0.9981396298404567,
                0.9974126278540982,
                0.9971744882774193,
                0.9965081359391653,
                0.9967486110519682,
                0.9961705254614923,
                0.9960669331533465,
                0.994933207442598
            ],
            "Masked_RMSE": 1.984916561661797e-08,
            "Unmasked_RMSE": 1.162079091306623e-08,
            "Avg_Dice": 0.9774335511209833,
            "Dice_Empty_Skipped": 0,
            "Spatial_Correlation": 0.999264407147059,
            "SSIM": 0.9651646353406284,
            "SSIM_Skipped_Frames": 0
        },
        "Far_Horizon_t92_t100": {
            "Global_R2": 0.9932622766609928,
            "Per_Timestep_R2": [
                0.9956770797465415,
                0.9933464937905665,
                0.9940928846148713,
                0.9941012122404354,
                0.9933110186105399,
                0.9927723453371339,
                0.9928252103800046,
                0.9919644154169777,
                0.9915146283536128
            ],
            "Masked_RMSE": 2.7130656582224524e-08,
            "Unmasked_RMSE": 1.8329371752391952e-08,
            "Avg_Dice": 0.9725552911959086,
            "Dice_Empty_Skipped": 0,
            "Spatial_Correlation": 0.9978856656737851,
            "SSIM": 0.9503936714034091,
            "SSIM_Skipped_Frames": 0
        }
    }
}