{
    "grid": 100,
    "seed": 42,
    "cytokine": "il8",
    "best_params": {
        "p": 64,
        "hidden": 256,
        "learning_rate": 0.0009564517741155102,
        "batch_size": 4,
        "chunk_size": 2048,
        "lambda_pde": 0.0006516885615236464,
        "lambda_bc": 0.0011673743093296885
    },
    "optuna_best_val_loss": 0.033231140759128794,
    "train_time_seconds": 672.37,
    "results": {
        "Near_Horizon_t82_t91": {
            "Global_R2": 0.8202835195745002,
            "Per_Timestep_R2": [
                0.8531655047282573,
                0.8477308149200445,
                0.8416101719424373,
                0.8348442281487812,
                0.8274438563177164,
                0.8193566122870931,
                0.8106385601991082,
                0.8013829341523826,
                0.7918299190128298,
                0.781873855004468
            ],
            "Masked_RMSE": 4.5447075891340207e-07,
            "Unmasked_RMSE": 8.982230790882379e-08,
            "Avg_Dice": 0.8960142074001798,
            "Dice_Empty_Skipped": 0,
            "Spatial_Correlation": 0.908105616044848,
            "SSIM": 0.8087623776450515,
            "SSIM_Skipped_Frames": 0
        },
        "Far_Horizon_t92_t100": {
            "Global_R2": 0.7256983978397062,
            "Per_Timestep_R2": [
                0.7714874482384728,
                0.7609352182222692,
                0.749782184977295,
                0.7384298564111809,
                0.7270774203473052,
                0.7154009831486323,
                0.7034743339463092,
                0.6916140287452366,
                0.6797505496973868
            ],
            "Masked_RMSE": 5.255861862298766e-07,
            "Unmasked_RMSE": 1.1695132986947634e-07,
            "Avg_Dice": 0.8661923749682483,
            "Dice_Empty_Skipped": 0,
            "Spatial_Correlation": 0.8550857333964409,
            "SSIM": 0.7340102661976482,
            "SSIM_Skipped_Frames": 0
        }
    }
}