{
    "grid": 100,
    "seed": 42,
    "cytokine": "il10",
    "best_params": {
        "p": 256,
        "hidden": 256,
        "learning_rate": 0.0005092654431068486,
        "batch_size": 4,
        "chunk_size": 2048,
        "lambda_pde": 0.031334616982030626,
        "lambda_bc": 0.015527469527538605,
        "lambda_ic": 0.10515848184830978
    },
    "optuna_best_val_loss": 0.0005830631965251926,
    "train_time_seconds": 657.51,
    "pred_time_seconds": 2.48,
    "results": {
        "Near_Horizon_t82_t91": {
            "Global_R2": 0.9862392411583307,
            "Per_Timestep_R2": [
                0.9783801764199711,
                0.9875702124931575,
                0.9871213663016936,
                0.986594567934434,
                0.9955132702859937,
                0.9849713644085709,
                0.9743463629264801,
                0.9934429253680801,
                0.9827149046783378,
                0.9921131681513455
            ],
            "Masked_RMSE": 1.7522782191930535e-10,
            "Unmasked_RMSE": 1.6991453440227389e-10,
            "Avg_Dice": 0.9975337611561486,
            "Dice_Empty_Skipped": 0,
            "Spatial_Correlation": 0.9939767947637187,
            "SSIM": 0.9908944998301668,
            "SSIM_Skipped_Frames": 0
        },
        "Far_Horizon_t92_t100": {
            "Global_R2": 0.9750749359850115,
            "Per_Timestep_R2": [
                0.9710806366912988,
                0.9806758891059235,
                0.9409550545779339,
                0.9892919520217919,
                0.9689779312138566,
                0.9879030856243248,
                0.9868816348106866,
                0.9758301459960492,
                0.9749315249191036
            ],
            "Masked_RMSE": 2.1096108084256422e-10,
            "Unmasked_RMSE": 2.2675229260888553e-10,
            "Avg_Dice": 0.9965447486195276,
            "Dice_Empty_Skipped": 0,
            "Spatial_Correlation": 0.9892561645505704,
            "SSIM": 0.9808548192314637,
            "SSIM_Skipped_Frames": 0
        }
    }
}