{
    "grid": 100,
    "seed": 1,
    "cytokine": "il10",
    "best_params": {
        "p": 256,
        "hidden": 256,
        "learning_rate": 0.0005092654431068486,
        "batch_size": 4,
        "chunk_size": 2048,
        "lambda_pde": 0.031334616982030626,
        "lambda_bc": 0.015527469527538605,
        "lambda_ic": 0.10515848184830978
    },
    "optuna_best_val_loss": 0.0005830631965251926,
    "train_time_seconds": 1059.98,
    "pred_time_seconds": 2.35,
    "results": {
        "Near_Horizon_t82_t91": {
            "Global_R2": 0.988270311986126,
            "Per_Timestep_R2": [
                0.9792313222360065,
                0.9886644953344815,
                0.9883802840687487,
                0.9881130116868211,
                0.9975624130302013,
                0.9875334147670735,
                0.9767988419320045,
                0.9961503969081313,
                0.9855571359395136,
                0.9952123150255143
            ],
            "Masked_RMSE": 1.1322665931924073e-10,
            "Unmasked_RMSE": 1.568745771867035e-10,
            "Avg_Dice": 0.9975337611561486,
            "Dice_Empty_Skipped": 0,
            "Spatial_Correlation": 0.9952564792197666,
            "SSIM": 0.9913163978148354,
            "SSIM_Skipped_Frames": 0
        },
        "Far_Horizon_t92_t100": {
            "Global_R2": 0.9793853788957396,
            "Per_Timestep_R2": [
                0.9742832004416083,
                0.9841032447119424,
                0.9446618640176926,
                0.993476079972144,
                0.9733327899597859,
                0.9924389067138808,
                0.991725425884374,
                0.9809707021382653,
                0.9803549381009906
            ],
            "Masked_RMSE": 1.3606719666537244e-10,
            "Unmasked_RMSE": 2.0621546129243962e-10,
            "Avg_Dice": 0.9917778023683415,
            "Dice_Empty_Skipped": 0,
            "Spatial_Correlation": 0.9918139914717392,
            "SSIM": 0.9834882533369372,
            "SSIM_Skipped_Frames": 0
        }
    }
}