{
    "params": {
        "filters": 64,
        "lstm_units": 64,
        "lr": 0.00035778679937333003
    },
    "seed": 42,
    "grid": 50,
    "cytokine": "tgf",
    "split_ratio": 0.5,
    "results": {
        "Test_Set_Metrics": {
            "Global_R2": -0.313531756401062,
            "Masked_RMSE": 1.293031663650842e-07,
            "Avg_Dice": 1.0,
            "Avg_SSIM": 1.0,
            "Spatial_Correlation": 0.06496022641658783
        }
    }
}