{
    "params": {
        "filters": 64,
        "lstm_units": 64,
        "lr": 0.0015372464959794256
    },
    "seed": 42,
    "grid": 50,
    "cytokine": "tgf",
    "split_ratio": 0.1,
    "results": {
        "Test_Set_Metrics": {
            "Global_R2": -0.20967388153076172,
            "Masked_RMSE": 1.0758783168569835e-07,
            "Avg_Dice": 1.0,
            "Avg_SSIM": 1.0,
            "Spatial_Correlation": 0.0
        }
    }
}