{
    "params": {
        "filters": 64,
        "lstm_units": 128,
        "lr": 0.00020964063148726545
    },
    "seed": 42,
    "grid": 50,
    "cytokine": "tgf",
    "split_ratio": 0.9,
    "results": {
        "Test_Set_Metrics": {
            "Global_R2": 0.5018811821937561,
            "Masked_RMSE": 1.4394197699119822e-07,
            "Avg_Dice": 1.0,
            "Avg_SSIM": 1.0,
            "Spatial_Correlation": 0.7193167209625244
        }
    }
}