{
  "grid": 500,
  "seed": 42,
  "cytokine": "il8",
  "model": "unet",
  "best_params": {
    "base_filters": 16,
    "depth": 2,
    "dropout": 0.0,
    "lr": 0.0009702573394120733,
    "batch_size": 2
  },
  "train_time_seconds": 303.97,
  "pred_time_seconds": 3.5875,
  "results": {
    "Near_Horizon": {
      "Global_R2": 0.9985644221305847,
      "Per_Timestep_R2": [
        0.9984830021858215,
        0.9984968900680542,
        0.9985058307647705,
        0.9985157251358032,
        0.9985269904136658,
        0.9985368251800537,
        0.998543381690979,
        0.9985460042953491,
        0.9985559582710266,
        0.9985629916191101,
        0.9985694289207458,
        0.99858158826828,
        0.9985884428024292,
        0.9985948801040649,
        0.9985955953598022,
        0.9986012578010559,
        0.9986030459403992,
        0.9986050724983215,
        0.998607337474823,
        0.9986082911491394
      ],
      "Masked_RMSE": 1.5193507991554333e-10,
      "Unmasked_RMSE": 5.921552831411603e-11,
      "Avg_Dice": 0.996443818113528,
      "Spatial_Correlation": 0.9994529060405021,
      "SSIM": 0.9775123271085837
    },
    "Far_Horizon": {
      "Global_R2": 0.9985918998718262,
      "Per_Timestep_R2": [
        0.9986124038696289,
        0.9986162185668945,
        0.998614490032196,
        0.9986168146133423,
        0.9986133575439453,
        0.9986062049865723,
        0.9986059665679932,
        0.9986011385917664,
        0.9986013770103455,
        0.9985955953598022,
        0.99859219789505,
        0.9985939860343933,
        0.9985866546630859,
        0.9985806941986084,
        0.9985742568969727,
        0.9985718727111816,
        0.998558521270752,
        0.9985513687133789,
        0.9985459446907043
      ],
      "Masked_RMSE": 1.8973148438114485e-10,
      "Unmasked_RMSE": 6.242735495209928e-11,
      "Avg_Dice": 0.9960439555585828,
      "Spatial_Correlation": 0.999413067520569,
      "SSIM": 0.973691772037418
    }
  }
}