{
  "grid": 500,
  "seed": 42,
  "cytokine": "il10",
  "model": "unet",
  "best_params": {
    "base_filters": 16,
    "depth": 2,
    "dropout": 0.0,
    "lr": 0.0009702573394120733,
    "batch_size": 2
  },
  "train_time_seconds": 734.96,
  "pred_time_seconds": 5.2779,
  "results": {
    "Near_Horizon": {
      "Global_R2": 0.21314650774002075,
      "Per_Timestep_R2": [
        0.2409876585006714,
        0.24775952100753784,
        0.2363026738166809,
        0.2328110933303833,
        0.22654950618743896,
        0.2239552140235901,
        0.21371418237686157,
        0.21512889862060547,
        0.2139122486114502,
        0.21270936727523804,
        0.2197391390800476,
        0.21762704849243164,
        0.21057367324829102,
        0.20936983823776245,
        0.20109915733337402,
        0.19641685485839844,
        0.18831884860992432,
        0.19127929210662842,
        0.19175153970718384,
        0.19672846794128418
      ],
      "Masked_RMSE": 6.190229011331926e-13,
      "Unmasked_RMSE": 1.013423633206001e-11,
      "Avg_Dice": 0.9696084399761082,
      "Spatial_Correlation": 0.5111553970798752,
      "SSIM": NaN
    },
    "Far_Horizon": {
      "Global_R2": 0.18968713283538818,
      "Per_Timestep_R2": [
        0.20629233121871948,
        0.21046030521392822,
        0.20665127038955688,
        0.18973833322525024,
        0.1878919005393982,
        0.18617534637451172,
        0.1759318709373474,
        0.1776706576347351,
        0.18100714683532715,
        0.18411678075790405,
        0.19119149446487427,
        0.1936781406402588,
        0.1914551854133606,
        0.18951332569122314,
        0.19168788194656372,
        0.19392943382263184,
        0.18759411573410034,
        0.18811297416687012,
        0.18064063787460327
      ],
      "Masked_RMSE": 8.416368229927017e-13,
      "Unmasked_RMSE": 1.0777062402211879e-11,
      "Avg_Dice": 0.9637895610933572,
      "Spatial_Correlation": 0.4896092646610321,
      "SSIM": NaN
    }
  }
}